millis,stamp,datetime,accX,accY,accZ,gyroX,gyroY,gyroZ,compX,compY,compZ
3676462, 1710499227, "2024/3/15 10:40:27",  -761,  -262,  686,  -1,  -6,  -8,  39,  20,  -18
3676662, 1710499227, "2024/3/15 10:40:27",  -714,  -290,  683,  3,  -8,  -6,  38,  22,  -20
3676862, 1710499228, "2024/3/15 10:40:28",  -688,  -297,  700,  8,  -4,  0,  39,  21,  -22
3677062, 1710499228, "2024/3/15 10:40:28",  -678,  -278,  708,  12,  2,  5,  38,  20,  -21
3677262, 1710499228, "2024/3/15 10:40:28",  -703,  -229,  710,  12,  7,  8,  39,  19,  -20
3677462, 1710499228, "2024/3/15 10:40:28",  -752,  -204,  674,  8,  8,  4,  37,  17,  -20
3677662, 1710499228, "2024/3/15 10:40:28",  -772,  -168,  662,  1,  4,  -5,  39,  15,  -18
3677862, 1710499229, "2024/3/15 10:40:29",  -762,  -171,  647,  -5,  -2,  -13,  40,  19,  -17
3678062, 1710499229, "2024/3/15 10:40:29",  -714,  -209,  616,  -7,  -6,  -16,  42,  21,  -17
3678262, 1710499229, "2024/3/15 10:40:29",  -668,  -257,  633,  -5,  -6,  -13,  40,  22,  -17
3678462, 1710499229, "2024/3/15 10:40:29",  -643,  -275,  640,  0,  -1,  -6,  40,  24,  -20
3678662, 1710499229, "2024/3/15 10:40:29",  -649,  -256,  659,  4,  5,  2,  40,  23,  -20
3678862, 1710499230, "2024/3/15 10:40:30",  -701,  -243,  668,  7,  9,  7,  38,  23,  -18
3679062, 1710499230, "2024/3/15 10:40:30",  -769,  -218,  689,  6,  8,  5,  39,  23,  -16
3679262, 1710499230, "2024/3/15 10:40:30",  -796,  -199,  727,  2,  1,  -1,  41,  22,  -14
3679462, 1710499230, "2024/3/15 10:40:30",  -772,  -240,  687,  -1,  -7,  -7,  39,  21,  -14
3679662, 1710499230, "2024/3/15 10:40:30",  -721,  -236,  673,  -1,  -11,  -9,  40,  23,  -16
3679862, 1710499231, "2024/3/15 10:40:31",  -661,  -260,  670,  1,  -7,  -6,  40,  24,  -18
3680062, 1710499231, "2024/3/15 10:40:31",  -645,  -251,  672,  3,  1,  0,  39,  25,  -18
3680262, 1710499231, "2024/3/15 10:40:31",  -666,  -240,  674,  5,  7,  4,  38,  24,  -17
3680462, 1710499231, "2024/3/15 10:40:31",  -727,  -230,  679,  3,  9,  5,  39,  21,  -16
3680662, 1710499231, "2024/3/15 10:40:31",  -791,  -226,  683,  1,  4,  1,  41,  23,  -15
3680862, 1710499232, "2024/3/15 10:40:32",  -788,  -244,  704,  -1,  -5,  -4,  40,  22,  -15
3681062, 1710499232, "2024/3/15 10:40:32",  -743,  -260,  702,  0,  -11,  -7,  41,  24,  -17
3681262, 1710499232, "2024/3/15 10:40:32",  -674,  -274,  677,  3,  -9,  -5,  41,  24,  -18
3681462, 1710499232, "2024/3/15 10:40:32",  -635,  -268,  675,  6,  -1,  0,  41,  25,  -20
3681662, 1710499232, "2024/3/15 10:40:32",  -665,  -250,  682,  8,  7,  5,  38,  24,  -20
3681862, 1710499233, "2024/3/15 10:40:33",  -726,  -242,  683,  7,  12,  7,  41,  23,  -16
3682062, 1710499233, "2024/3/15 10:40:33",  -789,  -215,  692,  4,  9,  3,  41,  21,  -16
3682262, 1710499233, "2024/3/15 10:40:33",  -801,  -209,  694,  0,  2,  -3,  39,  22,  -16
3682462, 1710499233, "2024/3/15 10:40:33",  -755,  -236,  680,  -2,  -4,  -7,  40,  23,  -15
3682662, 1710499233, "2024/3/15 10:40:33",  -716,  -245,  684,  -1,  -5,  -9,  41,  24,  -15
3682862, 1710499234, "2024/3/15 10:40:34",  -670,  -240,  645,  0,  -4,  -7,  41,  26,  -17
3683062, 1710499234, "2024/3/15 10:40:34",  -642,  -237,  622,  2,  0,  -4,  40,  25,  -16
3683262, 1710499234, "2024/3/15 10:40:34",  -658,  -221,  632,  3,  2,  -2,  40,  24,  -15
3683462, 1710499234, "2024/3/15 10:40:34",  -712,  -206,  634,  1,  2,  -2,  41,  27,  -17
3683662, 1710499234, "2024/3/15 10:40:34",  -741,  -188,  660,  -2,  -2,  -6,  41,  25,  -15
3683862, 1710499235, "2024/3/15 10:40:35",  -742,  -207,  666,  -4,  -6,  -8,  40,  27,  -15
3684062, 1710499235, "2024/3/15 10:40:35",  -725,  -235,  665,  -3,  -7,  -8,  41,  30,  -16
3684262, 1710499235, "2024/3/15 10:40:35",  -689,  -269,  667,  0,  -4,  -4,  42,  30,  -17
3684462, 1710499235, "2024/3/15 10:40:35",  -663,  -259,  665,  4,  2,  2,  37,  30,  -18
3684662, 1710499235, "2024/3/15 10:40:35",  -682,  -252,  679,  7,  9,  7,  40,  29,  -18
3684862, 1710499236, "2024/3/15 10:40:36",  -747,  -235,  696,  7,  12,  8,  41,  29,  -17
3685062, 1710499236, "2024/3/15 10:40:36",  -815,  -219,  712,  5,  9,  5,  40,  26,  -14
3685262, 1710499236, "2024/3/15 10:40:36",  -823,  -224,  729,  2,  0,  -2,  40,  25,  -14
3685462, 1710499236, "2024/3/15 10:40:36",  -793,  -245,  711,  -1,  -8,  -8,  43,  23,  -14
3685662, 1710499236, "2024/3/15 10:40:36",  -730,  -235,  677,  -2,  -12,  -10,  42,  29,  -14
3685862, 1710499237, "2024/3/15 10:40:37",  -678,  -249,  661,  0,  -10,  -8,  40,  28,  -16
3686062, 1710499237, "2024/3/15 10:40:37",  -645,  -252,  649,  3,  -3,  -2,  41,  29,  -17
3686262, 1710499237, "2024/3/15 10:40:37",  -666,  -257,  665,  6,  5,  4,  39,  31,  -18
3686462, 1710499237, "2024/3/15 10:40:37",  -711,  -250,  678,  7,  10,  7,  40,  28,  -16
3686662, 1710499237, "2024/3/15 10:40:37",  -733,  -235,  701,  6,  11,  6,  40,  26,  -15
3686862, 1710499238, "2024/3/15 10:40:38",  -761,  -212,  691,  3,  7,  1,  42,  25,  -11
3687062, 1710499238, "2024/3/15 10:40:38",  -750,  -205,  686,  -1,  3,  -5,  41,  25,  -13
3687262, 1710499238, "2024/3/15 10:40:38",  -734,  -214,  676,  -5,  -1,  -9,  41,  25,  -14
3687462, 1710499238, "2024/3/15 10:40:38",  -709,  -222,  657,  -6,  -4,  -11,  41,  28,  -12
3687662, 1710499238, "2024/3/15 10:40:38",  -677,  -228,  626,  -7,  -7,  -11,  40,  28,  -13
3687862, 1710499239, "2024/3/15 10:40:39",  -642,  -252,  634,  -4,  -9,  -8,  42,  34,  -15
3688062, 1710499239, "2024/3/15 10:40:39",  -626,  -272,  635,  0,  -6,  -3,  40,  33,  -14
3688262, 1710499239, "2024/3/15 10:40:39",  -638,  -280,  662,  5,  -1,  3,  39,  34,  -15
3688462, 1710499239, "2024/3/15 10:40:39",  -682,  -280,  691,  8,  3,  7,  41,  33,  -16
3688662, 1710499239, "2024/3/15 10:40:39",  -726,  -265,  715,  9,  6,  9,  40,  30,  -13
3688862, 1710499240, "2024/3/15 10:40:40",  -765,  -242,  730,  8,  7,  8,  41,  28,  -14
3689062, 1710499240, "2024/3/15 10:40:40",  -772,  -221,  720,  5,  4,  4,  40,  27,  -13
3689262, 1710499240, "2024/3/15 10:40:40",  -759,  -220,  691,  0,  -1,  -3,  41,  28,  -12
3689462, 1710499240, "2024/3/15 10:40:40",  -743,  -188,  673,  -4,  -5,  -9,  41,  27,  -14
3689662, 1710499240, "2024/3/15 10:40:40",  -684,  -191,  665,  -8,  -5,  -12,  39,  31,  -13
3689862, 1710499241, "2024/3/15 10:40:41",  -637,  -234,  622,  -8,  -3,  -11,  40,  32,  -15
3690062, 1710499241, "2024/3/15 10:40:41",  -642,  -273,  638,  -5,  1,  -5,  39,  33,  -15
3690262, 1710499241, "2024/3/15 10:40:41",  -659,  -293,  661,  0,  3,  1,  40,  33,  -12
3690462, 1710499241, "2024/3/15 10:40:41",  -704,  -273,  665,  4,  2,  5,  39,  34,  -14
3690662, 1710499241, "2024/3/15 10:40:41",  -734,  -233,  676,  5,  0,  5,  41,  32,  -12
3690862, 1710499242, "2024/3/15 10:40:42",  -722,  -228,  668,  4,  -2,  4,  40,  31,  -14
3691062, 1710499242, "2024/3/15 10:40:42",  -713,  -211,  669,  1,  -1,  2,  41,  33,  -14
3691262, 1710499242, "2024/3/15 10:40:42",  -727,  -220,  675,  0,  1,  1,  40,  31,  -14
3691462, 1710499242, "2024/3/15 10:40:42",  -735,  -230,  682,  -2,  2,  0,  40,  27,  -15
3691662, 1710499242, "2024/3/15 10:40:42",  -753,  -250,  688,  -2,  1,  -1,  40,  30,  -13
3691862, 1710499243, "2024/3/15 10:40:43",  -746,  -256,  696,  -1,  -1,  -2,  41,  30,  -12
3692062, 1710499243, "2024/3/15 10:40:43",  -749,  -264,  699,  0,  -3,  -3,  39,  31,  -13
3692262, 1710499243, "2024/3/15 10:40:43",  -719,  -271,  690,  3,  -3,  -2,  41,  32,  -13
3692462, 1710499243, "2024/3/15 10:40:43",  -689,  -255,  675,  5,  1,  1,  40,  31,  -14
3692662, 1710499243, "2024/3/15 10:40:43",  -698,  -230,  671,  6,  4,  4,  40,  29,  -14
3692862, 1710499244, "2024/3/15 10:40:44",  -731,  -214,  694,  5,  6,  5,  42,  29,  -15
3693062, 1710499244, "2024/3/15 10:40:44",  -778,  -206,  698,  2,  4,  3,  41,  29,  -12
3693262, 1710499244, "2024/3/15 10:40:44",  -803,  -238,  706,  -1,  -1,  -1,  42,  29,  -13
3693462, 1710499244, "2024/3/15 10:40:44",  -790,  -230,  689,  -2,  -10,  -5,  40,  28,  -13
3693662, 1710499244, "2024/3/15 10:40:44",  -732,  -245,  671,  -2,  -15,  -8,  41,  31,  -16
3693862, 1710499245, "2024/3/15 10:40:45",  -651,  -238,  646,  0,  -12,  -6,  41,  31,  -17
3694062, 1710499245, "2024/3/15 10:40:45",  -615,  -239,  647,  1,  -4,  -4,  39,  31,  -18
3694262, 1710499245, "2024/3/15 10:40:45",  -642,  -228,  668,  2,  6,  0,  40,  31,  -18
3694462, 1710499245, "2024/3/15 10:40:45",  -723,  -241,  702,  1,  11,  3,  40,  31,  -18
3694662, 1710499245, "2024/3/15 10:40:45",  -764,  -248,  710,  0,  10,  3,  41,  30,  -16
3694862, 1710499246, "2024/3/15 10:40:46",  -796,  -239,  696,  0,  5,  2,  42,  32,  -13
3695062, 1710499246, "2024/3/15 10:40:46",  -776,  -231,  682,  -1,  -2,  -1,  40,  30,  -13
3695262, 1710499246, "2024/3/15 10:40:46",  -733,  -223,  654,  -1,  -8,  -3,  41,  29,  -13
3695462, 1710499246, "2024/3/15 10:40:46",  -677,  -220,  621,  -2,  -10,  -5,  41,  32,  -16
3695662, 1710499246, "2024/3/15 10:40:46",  -630,  -227,  615,  -3,  -7,  -5,  40,  32,  -18
3695862, 1710499247, "2024/3/15 10:40:47",  -607,  -242,  615,  -2,  0,  -4,  38,  34,  -17
3696062, 1710499247, "2024/3/15 10:40:47",  -616,  -245,  628,  0,  8,  0,  40,  32,  -16
3696262, 1710499247, "2024/3/15 10:40:47",  -669,  -257,  655,  0,  14,  3,  40,  31,  -14
3696462, 1710499247, "2024/3/15 10:40:47",  -742,  -229,  679,  0,  16,  3,  39,  32,  -13
3696662, 1710499247, "2024/3/15 10:40:47",  -803,  -215,  696,  -2,  12,  2,  42,  31,  -9
3696862, 1710499248, "2024/3/15 10:40:48",  -818,  -213,  695,  -4,  2,  -2,  42,  32,  -9
3697062, 1710499248, "2024/3/15 10:40:48",  -786,  -217,  686,  -5,  -6,  -4,  43,  31,  -10
3697262, 1710499248, "2024/3/15 10:40:48",  -731,  -234,  664,  -4,  -11,  -4,  40,  33,  -11
3697462, 1710499248, "2024/3/15 10:40:48",  -687,  -260,  645,  -1,  -12,  -3,  39,  33,  -12
3697662, 1710499248, "2024/3/15 10:40:48",  -661,  -269,  657,  3,  -9,  1,  41,  31,  -13
3697862, 1710499249, "2024/3/15 10:40:49",  -661,  -257,  660,  5,  -4,  3,  40,  32,  -15
3698062, 1710499249, "2024/3/15 10:40:49",  -687,  -246,  683,  6,  1,  6,  40,  33,  -16
3698262, 1710499249, "2024/3/15 10:40:49",  -716,  -231,  696,  5,  4,  6,  40,  31,  -14
3698462, 1710499249, "2024/3/15 10:40:49",  -757,  -216,  704,  2,  5,  4,  41,  27,  -14
3698662, 1710499249, "2024/3/15 10:40:49",  -790,  -210,  701,  -1,  2,  -1,  41,  27,  -14
3698862, 1710499250, "2024/3/15 10:40:50",  -790,  -216,  697,  -4,  -2,  -4,  40,  28,  -15
3699062, 1710499250, "2024/3/15 10:40:50",  -760,  -233,  683,  -5,  -7,  -5,  41,  30,  -13
3699262, 1710499250, "2024/3/15 10:40:50",  -713,  -245,  672,  -3,  -8,  -4,  39,  30,  -14
3699462, 1710499250, "2024/3/15 10:40:50",  -674,  -259,  660,  0,  -6,  -2,  41,  31,  -16
3699662, 1710499250, "2024/3/15 10:40:50",  -647,  -267,  664,  3,  -3,  2,  39,  30,  -18
3699862, 1710499251, "2024/3/15 10:40:51",  -669,  -245,  677,  4,  3,  4,  40,  29,  -16
3700062, 1710499251, "2024/3/15 10:40:51",  -710,  -224,  684,  4,  6,  5,  41,  30,  -18
3700262, 1710499251, "2024/3/15 10:40:51",  -750,  -211,  682,  2,  6,  3,  39,  29,  -15
3700462, 1710499251, "2024/3/15 10:40:51",  -773,  -209,  685,  -1,  2,  0,  40,  29,  -13
3700662, 1710499251, "2024/3/15 10:40:51",  -756,  -241,  682,  -3,  -4,  -4,  41,  30,  -15
3700862, 1710499252, "2024/3/15 10:40:52",  -723,  -266,  693,  -2,  -6,  -4,  42,  29,  -16
3701062, 1710499252, "2024/3/15 10:40:52",  -688,  -273,  687,  2,  -1,  0,  38,  30,  -17
3701262, 1710499252, "2024/3/15 10:40:52",  -680,  -258,  687,  5,  4,  4,  42,  28,  -15
3701462, 1710499252, "2024/3/15 10:40:52",  -699,  -227,  675,  5,  7,  5,  40,  27,  -15
3701662, 1710499252, "2024/3/15 10:40:52",  -731,  -200,  656,  2,  6,  1,  42,  26,  -16
3701862, 1710499253, "2024/3/15 10:40:53",  -732,  -168,  641,  -4,  0,  -5,  41,  26,  -12
3702062, 1710499253, "2024/3/15 10:40:53",  -733,  -190,  656,  -9,  -6,  -11,  42,  28,  -14
3702262, 1710499253, "2024/3/15 10:40:53",  -710,  -230,  651,  -10,  -9,  -12,  41,  30,  -15
3702462, 1710499253, "2024/3/15 10:40:53",  -665,  -267,  661,  -6,  -8,  -7,  40,  32,  -14
3702662, 1710499253, "2024/3/15 10:40:53",  -648,  -283,  646,  0,  -3,  0,  40,  32,  -16
3702862, 1710499254, "2024/3/15 10:40:54",  -660,  -261,  651,  5,  4,  7,  40,  34,  -16
3703062, 1710499254, "2024/3/15 10:40:54",  -704,  -227,  662,  6,  8,  9,  41,  30,  -15
3703262, 1710499254, "2024/3/15 10:40:54",  -747,  -203,  685,  4,  8,  7,  40,  28,  -15
3703462, 1710499254, "2024/3/15 10:40:54",  -779,  -207,  716,  -1,  4,  2,  42,  28,  -14
3703662, 1710499254, "2024/3/15 10:40:54",  -790,  -230,  726,  -5,  -2,  -4,  41,  26,  -15
3703862, 1710499255, "2024/3/15 10:40:55",  -753,  -256,  712,  -6,  -6,  -6,  40,  29,  -14
3704062, 1710499255, "2024/3/15 10:40:55",  -702,  -283,  687,  -3,  -6,  -3,  40,  31,  -13
3704262, 1710499255, "2024/3/15 10:40:55",  -667,  -284,  655,  2,  -3,  1,  41,  31,  -15
3704462, 1710499255, "2024/3/15 10:40:55",  -678,  -255,  661,  5,  1,  4,  41,  30,  -16
3704662, 1710499255, "2024/3/15 10:40:55",  -685,  -236,  661,  5,  3,  5,  41,  29,  -15
3704862, 1710499256, "2024/3/15 10:40:56",  -714,  -238,  681,  4,  3,  5,  40,  27,  -14
3705062, 1710499256, "2024/3/15 10:40:56",  -743,  -241,  691,  1,  0,  1,  40,  27,  -15
3705262, 1710499256, "2024/3/15 10:40:56",  -747,  -232,  698,  -2,  -3,  -2,  40,  25,  -15
3705462, 1710499256, "2024/3/15 10:40:56",  -739,  -221,  698,  -4,  -5,  -6,  40,  27,  -15
3705662, 1710499256, "2024/3/15 10:40:56",  -704,  -233,  686,  -5,  -5,  -7,  40,  29,  -16
3705862, 1710499257, "2024/3/15 10:40:57",  -672,  -256,  671,  -4,  -2,  -6,  40,  31,  -15
3706062, 1710499257, "2024/3/15 10:40:57",  -675,  -261,  666,  -2,  3,  -1,  40,  31,  -16
3706262, 1710499257, "2024/3/15 10:40:57",  -699,  -275,  666,  1,  6,  4,  41,  29,  -14
3706462, 1710499257, "2024/3/15 10:40:57",  -726,  -273,  671,  4,  7,  7,  40,  28,  -12
3706662, 1710499257, "2024/3/15 10:40:57",  -750,  -250,  687,  6,  5,  7,  42,  28,  -13
3706862, 1710499258, "2024/3/15 10:40:58",  -741,  -230,  682,  4,  0,  4,  40,  27,  -14
3707062, 1710499258, "2024/3/15 10:40:58",  -715,  -224,  672,  0,  -5,  -3,  41,  26,  -14
3707262, 1710499258, "2024/3/15 10:40:58",  -716,  -188,  642,  -4,  -8,  -8,  41,  27,  -15
3707462, 1710499258, "2024/3/15 10:40:58",  -684,  -221,  659,  -6,  -7,  -11,  41,  30,  -16
3707662, 1710499258, "2024/3/15 10:40:58",  -665,  -254,  666,  -6,  -4,  -8,  39,  29,  -15
3707862, 1710499259, "2024/3/15 10:40:59",  -646,  -282,  680,  -2,  2,  -2,  40,  31,  -16
3708062, 1710499259, "2024/3/15 10:40:59",  -673,  -281,  675,  3,  7,  6,  42,  30,  -14
3708262, 1710499259, "2024/3/15 10:40:59",  -722,  -267,  674,  5,  9,  9,  40,  31,  -16
3708462, 1710499259, "2024/3/15 10:40:59",  -774,  -218,  687,  5,  7,  9,  41,  27,  -13
3708662, 1710499259, "2024/3/15 10:40:59",  -793,  -203,  678,  1,  1,  3,  41,  28,  -11
3708862, 1710499260, "2024/3/15 10:41:0",  -790,  -207,  677,  -3,  -6,  -3,  41,  26,  -15
3709062, 1710499260, "2024/3/15 10:41:0",  -765,  -228,  677,  -4,  -11,  -8,  42,  27,  -15
3709262, 1710499260, "2024/3/15 10:41:0",  -695,  -285,  680,  -3,  -11,  -6,  40,  30,  -15
3709462, 1710499260, "2024/3/15 10:41:0",  -661,  -291,  685,  2,  -6,  -1,  40,  29,  -16
3709662, 1710499260, "2024/3/15 10:41:0",  -639,  -287,  685,  6,  2,  6,  40,  30,  -16
3709862, 1710499261, "2024/3/15 10:41:1",  -672,  -250,  675,  9,  8,  10,  41,  27,  -15
3710062, 1710499261, "2024/3/15 10:41:1",  -718,  -221,  692,  8,  9,  9,  41,  27,  -16
3710262, 1710499261, "2024/3/15 10:41:1",  -758,  -176,  669,  3,  5,  2,  41,  27,  -12
3710462, 1710499261, "2024/3/15 10:41:1",  -777,  -168,  662,  -4,  -2,  -7,  40,  25,  -12
3710662, 1710499261, "2024/3/15 10:41:1",  -758,  -183,  644,  -9,  -8,  -13,  42,  27,  -13
3710862, 1710499262, "2024/3/15 10:41:2",  -708,  -226,  638,  -10,  -9,  -14,  41,  27,  -15
3711062, 1710499262, "2024/3/15 10:41:2",  -658,  -251,  656,  -8,  -6,  -9,  41,  32,  -15
3711262, 1710499262, "2024/3/15 10:41:2",  -646,  -275,  654,  -2,  -1,  -1,  40,  32,  -15
3711462, 1710499262, "2024/3/15 10:41:2",  -647,  -277,  654,  3,  5,  6,  41,  30,  -15
3711662, 1710499262, "2024/3/15 10:41:2",  -690,  -246,  655,  6,  8,  10,  41,  30,  -16
3711862, 1710499263, "2024/3/15 10:41:3",  -708,  -225,  673,  5,  7,  9,  41,  28,  -14
3712062, 1710499263, "2024/3/15 10:41:3",  -751,  -193,  656,  2,  4,  5,  41,  28,  -14
3712262, 1710499263, "2024/3/15 10:41:3",  -756,  -184,  651,  -3,  -1,  -1,  41,  26,  -14
3712462, 1710499263, "2024/3/15 10:41:3",  -755,  -192,  649,  -6,  -6,  -6,  42,  26,  -14
3712662, 1710499263, "2024/3/15 10:41:3",  -754,  -224,  654,  -7,  -10,  -9,  40,  28,  -14
3712862, 1710499264, "2024/3/15 10:41:4",  -719,  -258,  666,  -6,  -11,  -8,  40,  29,  -15
3713062, 1710499264, "2024/3/15 10:41:4",  -678,  -280,  677,  -1,  -8,  -3,  38,  29,  -17
3713262, 1710499264, "2024/3/15 10:41:4",  -649,  -276,  682,  4,  -1,  3,  40,  30,  -18
3713462, 1710499264, "2024/3/15 10:41:4",  -661,  -263,  690,  7,  7,  9,  39,  28,  -16
3713662, 1710499264, "2024/3/15 10:41:4",  -732,  -233,  692,  8,  12,  12,  41,  26,  -16
3713862, 1710499265, "2024/3/15 10:41:5",  -791,  -207,  696,  5,  11,  9,  41,  24,  -13
3714062, 1710499265, "2024/3/15 10:41:5",  -818,  -190,  691,  1,  4,  2,  39,  24,  -12
3714262, 1710499265, "2024/3/15 10:41:5",  -792,  -199,  675,  -4,  -4,  -5,  42,  23,  -13
3714462, 1710499265, "2024/3/15 10:41:5",  -748,  -219,  656,  -5,  -9,  -9,  42,  27,  -13
3714662, 1710499265, "2024/3/15 10:41:5",  -684,  -243,  648,  -4,  -10,  -8,  41,  29,  -14
3714862, 1710499266, "2024/3/15 10:41:6",  -641,  -253,  662,  -2,  -6,  -4,  40,  30,  -17
3715062, 1710499266, "2024/3/15 10:41:6",  -650,  -252,  681,  1,  1,  2,  39,  28,  -16
3715262, 1710499266, "2024/3/15 10:41:6",  -693,  -255,  688,  2,  5,  5,  39,  27,  -16
3715462, 1710499266, "2024/3/15 10:41:6",  -751,  -250,  703,  3,  6,  6,  41,  26,  -15
3715662, 1710499266, "2024/3/15 10:41:6",  -774,  -240,  741,  2,  4,  4,  40,  25,  -14
3715862, 1710499267, "2024/3/15 10:41:7",  -793,  -230,  694,  2,  -1,  1,  42,  25,  -15
3716062, 1710499267, "2024/3/15 10:41:7",  -803,  -224,  676,  0,  -8,  -3,  41,  25,  -15
3716262, 1710499267, "2024/3/15 10:41:7",  -741,  -224,  662,  0,  -12,  -6,  41,  25,  -16
3716462, 1710499267, "2024/3/15 10:41:7",  -700,  -238,  668,  0,  -12,  -6,  40,  27,  -18
3716662, 1710499267, "2024/3/15 10:41:7",  -652,  -254,  678,  2,  -7,  -2,  40,  28,  -19
3716862, 1710499268, "2024/3/15 10:41:8",  -646,  -257,  683,  5,  1,  4,  38,  27,  -19
3717062, 1710499268, "2024/3/15 10:41:8",  -672,  -261,  702,  7,  9,  9,  39,  26,  -17
3717262, 1710499268, "2024/3/15 10:41:8",  -750,  -239,  716,  6,  12,  10,  40,  24,  -19
3717462, 1710499268, "2024/3/15 10:41:8",  -818,  -209,  713,  3,  9,  5,  41,  21,  -14
3717662, 1710499268, "2024/3/15 10:41:8",  -832,  -209,  706,  -1,  0,  -3,  40,  22,  -14
3717862, 1710499269, "2024/3/15 10:41:9",  -786,  -208,  674,  -5,  -8,  -11,  42,  23,  -15
3718062, 1710499269, "2024/3/15 10:41:9",  -698,  -223,  653,  -6,  -12,  -13,  39,  24,  -17
3718262, 1710499269, "2024/3/15 10:41:9",  -622,  -262,  628,  -4,  -8,  -9,  40,  28,  -18
3718462, 1710499269, "2024/3/15 10:41:9",  -573,  -269,  622,  0,  -1,  -1,  39,  26,  -19
3718662, 1710499269, "2024/3/15 10:41:9",  -596,  -265,  637,  4,  7,  7,  40,  30,  -16
3718862, 1710499270, "2024/3/15 10:41:10",  -651,  -235,  653,  5,  12,  9,  40,  28,  -17
3719062, 1710499270, "2024/3/15 10:41:10",  -722,  -225,  665,  3,  11,  6,  40,  25,  -15
3719262, 1710499270, "2024/3/15 10:41:10",  -768,  -210,  668,  -2,  6,  0,  41,  24,  -11
3719462, 1710499270, "2024/3/15 10:41:10",  -779,  -184,  657,  -7,  -1,  -8,  41,  24,  -13
3719662, 1710499270, "2024/3/15 10:41:10",  -743,  -193,  663,  -11,  -6,  -12,  41,  26,  -13
3719862, 1710499271, "2024/3/15 10:41:11",  -680,  -227,  649,  -11,  -9,  -11,  40,  30,  -15
3720062, 1710499271, "2024/3/15 10:41:11",  -632,  -277,  633,  -6,  -8,  -5,  40,  31,  -13
3720262, 1710499271, "2024/3/15 10:41:11",  -612,  -284,  643,  1,  -3,  3,  40,  31,  -15
3720462, 1710499271, "2024/3/15 10:41:11",  -643,  -264,  657,  5,  2,  9,  40,  31,  -15
3720662, 1710499271, "2024/3/15 10:41:11",  -689,  -239,  671,  5,  5,  11,  40,  29,  -15
3720862, 1710499272, "2024/3/15 10:41:12",  -767,  -218,  691,  3,  4,  8,  39,  26,  -12
3721062, 1710499272, "2024/3/15 10:41:12",  -821,  -205,  699,  -1,  0,  3,  42,  25,  -14
3721262, 1710499272, "2024/3/15 10:41:12",  -824,  -220,  704,  -5,  -8,  -3,  41,  26,  -14
3721462, 1710499272, "2024/3/15 10:41:12",  -772,  -248,  688,  -5,  -14,  -7,  40,  26,  -16
3721662, 1710499272, "2024/3/15 10:41:12",  -678,  -266,  672,  -2,  -12,  -5,  40,  27,  -18
3721862, 1710499273, "2024/3/15 10:41:13",  -623,  -277,  678,  3,  -4,  3,  40,  29,  -19
3722062, 1710499273, "2024/3/15 10:41:13",  -646,  -276,  700,  6,  6,  10,  39,  27,  -18
3722262, 1710499273, "2024/3/15 10:41:13",  -709,  -250,  703,  7,  14,  14,  40,  23,  -17
3722462, 1710499273, "2024/3/15 10:41:13",  -783,  -220,  703,  6,  14,  11,  40,  20,  -15
3722662, 1710499273, "2024/3/15 10:41:13",  -849,  -188,  690,  1,  5,  3,  41,  19,  -13
3722862, 1710499274, "2024/3/15 10:41:14",  -804,  -193,  683,  -3,  -5,  -7,  41,  19,  -15
3723062, 1710499274, "2024/3/15 10:41:14",  -712,  -203,  647,  -6,  -12,  -12,  41,  23,  -15
3723262, 1710499274, "2024/3/15 10:41:14",  -656,  -201,  614,  -7,  -11,  -12,  41,  25,  -17
3723462, 1710499274, "2024/3/15 10:41:14",  -593,  -209,  610,  -6,  -4,  -8,  39,  25,  -18
3723662, 1710499274, "2024/3/15 10:41:14",  -583,  -256,  627,  -4,  5,  0,  41,  28,  -17
3723862, 1710499275, "2024/3/15 10:41:15",  -668,  -267,  660,  -1,  11,  6,  41,  27,  -17
3724062, 1710499275, "2024/3/15 10:41:15",  -742,  -268,  670,  2,  11,  9,  41,  24,  -16
3724262, 1710499275, "2024/3/15 10:41:15",  -794,  -246,  687,  3,  4,  6,  42,  25,  -14
3724462, 1710499275, "2024/3/15 10:41:15",  -802,  -225,  672,  3,  -6,  1,  42,  24,  -14
3724662, 1710499275, "2024/3/15 10:41:15",  -756,  -196,  667,  -1,  -13,  -7,  41,  23,  -14
3724862, 1710499276, "2024/3/15 10:41:16",  -688,  -190,  641,  -4,  -14,  -11,  40,  26,  -16
3725062, 1710499276, "2024/3/15 10:41:16",  -647,  -203,  631,  -5,  -9,  -9,  40,  26,  -17
3725262, 1710499276, "2024/3/15 10:41:16",  -632,  -233,  659,  -3,  0,  -2,  40,  27,  -18
3725462, 1710499276, "2024/3/15 10:41:16",  -675,  -260,  689,  0,  7,  5,  37,  26,  -19
3725662, 1710499276, "2024/3/15 10:41:16",  -741,  -265,  701,  3,  9,  11,  40,  26,  -16
3725862, 1710499277, "2024/3/15 10:41:17",  -797,  -250,  702,  5,  6,  10,  41,  24,  -15
3726062, 1710499277, "2024/3/15 10:41:17",  -804,  -225,  706,  4,  0,  5,  41,  24,  -16
3726262, 1710499277, "2024/3/15 10:41:17",  -785,  -223,  681,  1,  -6,  -1,  41,  22,  -15
3726462, 1710499277, "2024/3/15 10:41:17",  -744,  -209,  662,  -1,  -8,  -6,  40,  22,  -17
3726662, 1710499277, "2024/3/15 10:41:17",  -686,  -192,  646,  -4,  -8,  -8,  42,  23,  -19
3726862, 1710499278, "2024/3/15 10:41:18",  -655,  -222,  648,  -5,  -4,  -6,  39,  26,  -20
3727062, 1710499278, "2024/3/15 10:41:18",  -658,  -235,  646,  -3,  0,  -2,  39,  24,  -18
3727262, 1710499278, "2024/3/15 10:41:18",  -719,  -264,  680,  -1,  3,  2,  39,  26,  -18
3727462, 1710499278, "2024/3/15 10:41:18",  -737,  -271,  692,  1,  3,  5,  39,  24,  -18
3727662, 1710499278, "2024/3/15 10:41:18",  -774,  -258,  698,  4,  3,  7,  40,  23,  -17
3727862, 1710499279, "2024/3/15 10:41:19",  -774,  -247,  708,  6,  1,  7,  41,  23,  -17
3728062, 1710499279, "2024/3/15 10:41:19",  -750,  -230,  684,  7,  0,  6,  41,  21,  -17
3728262, 1710499279, "2024/3/15 10:41:19",  -714,  -223,  671,  5,  1,  3,  40,  20,  -17
3728462, 1710499279, "2024/3/15 10:41:19",  -739,  -212,  677,  2,  2,  0,  40,  18,  -17
3728662, 1710499279, "2024/3/15 10:41:19",  -701,  -255,  711,  -1,  2,  -5,  41,  20,  -15
3728862, 1710499280, "2024/3/15 10:41:20",  -716,  -179,  639,  -4,  0,  -9,  41,  20,  -16
3729062, 1710499280, "2024/3/15 10:41:20",  -740,  -221,  659,  -5,  -5,  -8,  40,  23,  -18
3729262, 1710499280, "2024/3/15 10:41:20",  -731,  -247,  648,  -3,  -5,  -9,  42,  25,  -16
3729462, 1710499280, "2024/3/15 10:41:20",  -605,  -234,  621,  2,  -5,  -6,  40,  25,  -16
3729662, 1710499280, "2024/3/15 10:41:20",  -1251,  -422,  624,  29,  -76,  -32,  40,  25,  -21
3729862, 1710499281, "2024/3/15 10:41:21",  36,  -200,  997,  32,  -75,  26,  29,  24,  -36
3730062, 1710499281, "2024/3/15 10:41:21",  107,  169,  1070,  1,  9,  44,  25,  19,  -39
3730262, 1710499281, "2024/3/15 10:41:21",  -38,  -503,  1413,  5,  4,  59,  26,  13,  -36
3730462, 1710499281, "2024/3/15 10:41:21",  -175,  337,  1251,  38,  2,  13,  27,  8,  -34
3730662, 1710499281, "2024/3/15 10:41:21",  -234,  109,  1179,  33,  -39,  44,  22,  1,  -34
3730862, 1710499282, "2024/3/15 10:41:22",  -33,  -92,  872,  64,  -83,  -48,  15,  -8,  -33
3731062, 1710499282, "2024/3/15 10:41:22",  199,  153,  577,  31,  -75,  -122,  16,  -5,  -32
3731262, 1710499282, "2024/3/15 10:41:22",  -48,  291,  680,  -66,  -97,  -127,  18,  7,  -41
3731462, 1710499282, "2024/3/15 10:41:22",  -76,  27,  956,  -114,  21,  -87,  14,  32,  -43
3731662, 1710499282, "2024/3/15 10:41:22",  -595,  -31,  998,  -55,  37,  -23,  20,  47,  -37
3731862, 1710499283, "2024/3/15 10:41:23",  -324,  -17,  1014,  -9,  21,  -30,  20,  54,  -30
3732062, 1710499283, "2024/3/15 10:41:23",  -446,  -320,  932,  15,  6,  13,  20,  54,  -29
3732262, 1710499283, "2024/3/15 10:41:23",  -725,  -450,  524,  76,  -22,  48,  23,  50,  -31
3732462, 1710499283, "2024/3/15 10:41:23",  -68,  -189,  999,  11,  -100,  31,  19,  40,  -42
3732662, 1710499283, "2024/3/15 10:41:23",  310,  123,  1773,  -12,  8,  32,  10,  33,  -45
3732862, 1710499284, "2024/3/15 10:41:24",  -191,  55,  1676,  -42,  90,  41,  19,  39,  -40
3733062, 1710499284, "2024/3/15 10:41:24",  54,  -73,  385,  -39,  -69,  27,  18,  44,  -38
3733262, 1710499284, "2024/3/15 10:41:24",  135,  -478,  597,  56,  43,  56,  18,  41,  -40
3733462, 1710499284, "2024/3/15 10:41:24",  -459,  166,  1636,  73,  -21,  92,  26,  24,  -36
3733662, 1710499284, "2024/3/15 10:41:24",  787,  32,  1400,  -29,  -9,  67,  11,  16,  -46
3733862, 1710499285, "2024/3/15 10:41:25",  -413,  67,  653,  -22,  123,  71,  27,  11,  -38
3734062, 1710499285, "2024/3/15 10:41:25",  -454,  -130,  791,  -19,  -112,  55,  23,  9,  -38
3734262, 1710499285, "2024/3/15 10:41:25",  154,  -2,  1140,  23,  -6,  74,  10,  3,  -43
3734462, 1710499285, "2024/3/15 10:41:25",  86,  -86,  1091,  -29,  -63,  59,  3,  2,  -44
3734662, 1710499285, "2024/3/15 10:41:25",  211,  -115,  764,  43,  76,  58,  -4,  2,  -43
3734862, 1710499286, "2024/3/15 10:41:26",  -469,  277,  930,  12,  35,  61,  4,  -6,  -40
3735062, 1710499286, "2024/3/15 10:41:26",  -12,  -20,  1166,  -62,  -78,  50,  -9,  -2,  -42
3735262, 1710499286, "2024/3/15 10:41:26",  -32,  -220,  1054,  -22,  1,  57,  -15,  5,  -42
3735462, 1710499286, "2024/3/15 10:41:26",  188,  -188,  777,  37,  -5,  42,  -20,  7,  -42
3735662, 1710499286, "2024/3/15 10:41:26",  -157,  171,  937,  59,  43,  42,  -18,  1,  -40
3735862, 1710499287, "2024/3/15 10:41:27",  -174,  218,  1071,  -44,  -38,  39,  -19,  3,  -39
3736062, 1710499287, "2024/3/15 10:41:27",  123,  -160,  941,  -48,  -1,  36,  -24,  14,  -41
3736262, 1710499287, "2024/3/15 10:41:27",  -11,  -221,  898,  14,  30,  34,  -24,  20,  -42
3736462, 1710499287, "2024/3/15 10:41:27",  -120,  -51,  1024,  61,  10,  32,  -21,  14,  -43
3736662, 1710499287, "2024/3/15 10:41:27",  -149,  192,  1057,  21,  -24,  31,  -22,  11,  -39
3736862, 1710499288, "2024/3/15 10:41:28",  54,  57,  846,  -37,  -33,  26,  -28,  13,  -37
3737062, 1710499288, "2024/3/15 10:41:28",  163,  -65,  846,  -33,  43,  27,  -29,  22,  -38
3737262, 1710499288, "2024/3/15 10:41:28",  -204,  -153,  1015,  -6,  38,  21,  -22,  27,  -42
3737462, 1710499288, "2024/3/15 10:41:28",  -294,  -100,  1048,  44,  -37,  28,  -20,  25,  -42
3737662, 1710499288, "2024/3/15 10:41:28",  88,  161,  954,  10,  -69,  30,  -27,  20,  -37
3737862, 1710499289, "2024/3/15 10:41:29",  337,  23,  1035,  -42,  36,  23,  -30,  28,  -34
3738062, 1710499289, "2024/3/15 10:41:29",  -242,  -182,  1011,  -7,  69,  25,  -21,  35,  -40
3738262, 1710499289, "2024/3/15 10:41:29",  -336,  -40,  983,  30,  -44,  26,  -16,  33,  -42
3738462, 1710499289, "2024/3/15 10:41:29",  86,  115,  934,  -2,  -58,  30,  -25,  32,  -39
3738662, 1710499289, "2024/3/15 10:41:29",  208,  -40,  985,  -33,  7,  23,  -27,  38,  -36
3738862, 1710499290, "2024/3/15 10:41:30",  -12,  -144,  1022,  3,  74,  24,  -19,  41,  -37
3739062, 1710499290, "2024/3/15 10:41:30",  -321,  -30,  1006,  31,  11,  22,  -11,  41,  -42
3739262, 1710499290, "2024/3/15 10:41:30",  -162,  131,  902,  3,  -62,  22,  -14,  36,  -42
3739462, 1710499290, "2024/3/15 10:41:30",  214,  -8,  1031,  -43,  -21,  20,  -20,  42,  -36
3739662, 1710499290, "2024/3/15 10:41:30",  62,  -280,  1092,  9,  40,  13,  -18,  48,  -36
3739862, 1710499291, "2024/3/15 10:41:31",  -251,  68,  968,  49,  20,  15,  -10,  43,  -39
3740062, 1710499291, "2024/3/15 10:41:31",  -66,  192,  952,  -18,  -28,  13,  -12,  40,  -42
3740262, 1710499291, "2024/3/15 10:41:31",  56,  -104,  970,  -47,  -4,  8,  -14,  45,  -37
3740462, 1710499291, "2024/3/15 10:41:31",  -38,  -209,  936,  7,  17,  12,  -11,  47,  -35
3740662, 1710499291, "2024/3/15 10:41:31",  -125,  -20,  904,  35,  -1,  10,  -7,  47,  -38
3740862, 1710499292, "2024/3/15 10:41:32",  -88,  17,  990,  24,  -23,  13,  -11,  43,  -42
3741062, 1710499292, "2024/3/15 10:41:32",  24,  71,  1050,  4,  -22,  13,  -12,  40,  -42
3741262, 1710499292, "2024/3/15 10:41:32",  117,  63,  1053,  -38,  24,  9,  -12,  44,  -40
3741462, 1710499292, "2024/3/15 10:41:32",  -101,  -163,  1116,  -24,  44,  9,  -7,  50,  -38
3741662, 1710499292, "2024/3/15 10:41:32",  -202,  -56,  1057,  10,  3,  10,  -1,  50,  -38
3741862, 1710499293, "2024/3/15 10:41:33",  -70,  -20,  884,  4,  -33,  10,  -3,  49,  -37
3742062, 1710499293, "2024/3/15 10:41:33",  14,  -110,  920,  19,  -19,  9,  -8,  48,  -40
3742262, 1710499293, "2024/3/15 10:41:33",  52,  27,  1087,  30,  -1,  9,  -7,  44,  -42
3742462, 1710499293, "2024/3/15 10:41:33",  27,  154,  1109,  -14,  40,  6,  -5,  42,  -42
3742662, 1710499293, "2024/3/15 10:41:33",  -204,  11,  1079,  -60,  15,  5,  1,  49,  -37
3742862, 1710499294, "2024/3/15 10:41:34",  -167,  -248,  1050,  -17,  -34,  10,  2,  54,  -33
3743062, 1710499294, "2024/3/15 10:41:34",  168,  -117,  949,  40,  -16,  10,  -2,  52,  -33
3743262, 1710499294, "2024/3/15 10:41:34",  28,  117,  901,  28,  41,  7,  3,  48,  -39
3743462, 1710499294, "2024/3/15 10:41:34",  -315,  92,  981,  -26,  -2,  8,  4,  46,  -39
3743662, 1710499294, "2024/3/15 10:41:34",  -95,  -200,  949,  -13,  -60,  11,  3,  49,  -40
3743862, 1710499295, "2024/3/15 10:41:35",  258,  -136,  968,  49,  -10,  12,  -4,  48,  -39
3744062, 1710499295, "2024/3/15 10:41:35",  83,  277,  1024,  13,  68,  7,  3,  39,  -43
3744262, 1710499295, "2024/3/15 10:41:35",  -314,  122,  1014,  -80,  39,  8,  11,  48,  -40
3744462, 1710499295, "2024/3/15 10:41:35",  -219,  -327,  884,  -46,  -49,  8,  13,  55,  -32
3744662, 1710499295, "2024/3/15 10:41:35",  26,  -283,  789,  65,  -62,  14,  8,  54,  -34
3744862, 1710499296, "2024/3/15 10:41:36",  229,  197,  984,  71,  -3,  15,  4,  42,  -42
3745062, 1710499296, "2024/3/15 10:41:36",  28,  243,  1069,  -37,  67,  10,  10,  39,  -44
3745262, 1710499296, "2024/3/15 10:41:36",  -349,  -167,  927,  -51,  17,  14,  18,  46,  -37
3745462, 1710499296, "2024/3/15 10:41:36",  -254,  -211,  833,  14,  -83,  20,  15,  48,  -36
3745662, 1710499296, "2024/3/15 10:41:36",  320,  19,  1064,  34,  -46,  27,  6,  41,  -41
3745862, 1710499297, "2024/3/15 10:41:37",  302,  49,  1069,  -1,  88,  22,  10,  39,  -40
3746062, 1710499297, "2024/3/15 10:41:37",  -355,  37,  903,  -8,  92,  26,  23,  39,  -35
3746262, 1710499297, "2024/3/15 10:41:37",  -470,  7,  910,  -24,  -56,  30,  28,  39,  -33
3746462, 1710499297, "2024/3/15 10:41:37",  63,  -138,  902,  -20,  -94,  35,  20,  38,  -40
3746662, 1710499297, "2024/3/15 10:41:37",  290,  -168,  1038,  25,  -10,  31,  11,  34,  -45
3746862, 1710499298, "2024/3/15 10:41:38",  -3,  93,  964,  32,  72,  29,  20,  26,  -44
3747062, 1710499298, "2024/3/15 10:41:38",  -346,  163,  964,  -16,  15,  29,  25,  23,  -37
3747262, 1710499298, "2024/3/15 10:41:38",  -113,  -55,  982,  -50,  -46,  28,  23,  24,  -41
3747462, 1710499298, "2024/3/15 10:41:38",  158,  -282,  1063,  2,  -12,  24,  18,  26,  -44
3747662, 1710499298, "2024/3/15 10:41:38",  -17,  -68,  964,  64,  30,  21,  20,  20,  -44
3747862, 1710499299, "2024/3/15 10:41:39",  -170,  288,  1001,  15,  -1,  20,  20,  11,  -39
3748062, 1710499299, "2024/3/15 10:41:39",  27,  62,  1064,  -67,  -1,  17,  21,  13,  -41
3748262, 1710499299, "2024/3/15 10:41:39",  9,  -308,  1030,  -19,  21,  14,  21,  20,  -41
3748462, 1710499299, "2024/3/15 10:41:39",  -226,  -89,  824,  57,  6,  16,  22,  14,  -39
3748662, 1710499299, "2024/3/15 10:41:39",  -149,  244,  757,  15,  -70,  16,  17,  7,  -38
3748862, 1710499300, "2024/3/15 10:41:40",  295,  109,  1015,  -67,  2,  10,  10,  8,  -44
3749062, 1710499300, "2024/3/15 10:41:40",  29,  -357,  1129,  -24,  65,  2,  16,  20,  -44
3749262, 1710499300, "2024/3/15 10:41:40",  -365,  -143,  996,  74,  28,  10,  21,  16,  -40
3749462, 1710499300, "2024/3/15 10:41:40",  -260,  280,  916,  30,  -81,  12,  21,  5,  -39
3749662, 1710499300, "2024/3/15 10:41:40",  284,  24,  1018,  -48,  -47,  7,  9,  6,  -44
3749862, 1710499301, "2024/3/15 10:41:41",  208,  -263,  1047,  4,  66,  6,  11,  12,  -45
3750062, 1710499301, "2024/3/15 10:41:41",  -204,  50,  931,  43,  75,  2,  22,  8,  -38
3750262, 1710499301, "2024/3/15 10:41:41",  -431,  264,  927,  -32,  -30,  3,  25,  5,  -34
3750462, 1710499301, "2024/3/15 10:41:41",  6,  -88,  824,  -70,  -89,  0,  17,  12,  -44
3750662, 1710499301, "2024/3/15 10:41:41",  314,  -315,  1059,  8,  7,  -5,  10,  19,  -47
3750862, 1710499302, "2024/3/15 10:41:42",  -39,  -53,  1068,  63,  64,  -8,  15,  13,  -44
3751062, 1710499302, "2024/3/15 10:41:42",  -322,  154,  1061,  21,  21,  -8,  22,  7,  -37
3751262, 1710499302, "2024/3/15 10:41:42",  -139,  -23,  963,  -10,  -55,  -7,  20,  8,  -40
3751462, 1710499302, "2024/3/15 10:41:42",  63,  -8,  915,  0,  -39,  -6,  14,  8,  -43
3751662, 1710499302, "2024/3/15 10:41:42",  100,  75,  864,  -23,  3,  -9,  13,  10,  -45
3751862, 1710499303, "2024/3/15 10:41:43",  2,  -61,  931,  -33,  41,  -10,  16,  15,  -44
3752062, 1710499303, "2024/3/15 10:41:43",  -231,  -145,  1139,  -6,  9,  -10,  21,  20,  -43
3752262, 1710499303, "2024/3/15 10:41:43",  -84,  -92,  1121,  28,  -27,  -6,  19,  17,  -42
3752462, 1710499303, "2024/3/15 10:41:43",  84,  40,  1032,  27,  -1,  -7,  17,  13,  -43
3752662, 1710499303, "2024/3/15 10:41:43",  6,  102,  979,  -6,  28,  -9,  19,  13,  -42
3752862, 1710499304, "2024/3/15 10:41:44",  -116,  -11,  921,  -33,  31,  -9,  23,  17,  -39
3753062, 1710499304, "2024/3/15 10:41:44",  -203,  -243,  906,  4,  -14,  -10,  23,  20,  -40
3753262, 1710499304, "2024/3/15 10:41:44",  -125,  -87,  873,  67,  -61,  -3,  19,  17,  -43
3753462, 1710499304, "2024/3/15 10:41:44",  157,  387,  977,  7,  -27,  -2,  13,  7,  -43
3753662, 1710499304, "2024/3/15 10:41:44",  48,  186,  895,  -125,  24,  -11,  12,  18,  -45
3753862, 1710499305, "2024/3/15 10:41:45",  -14,  -621,  1070,  -39,  62,  -5,  20,  34,  -40
3754062, 1710499305, "2024/3/15 10:41:45",  -115,  -268,  996,  129,  33,  -10,  26,  29,  -38
3754262, 1710499305, "2024/3/15 10:41:45",  -195,  470,  951,  63,  17,  -15,  28,  16,  -34
3754462, 1710499305, "2024/3/15 10:41:45",  -280,  221,  765,  -83,  -62,  -19,  29,  21,  -37
3754662, 1710499305, "2024/3/15 10:41:45",  113,  -313,  828,  -49,  -71,  -20,  19,  31,  -43
3754862, 1710499306, "2024/3/15 10:41:46",  317,  -235,  1149,  62,  28,  -22,  14,  32,  -45
3755062, 1710499306, "2024/3/15 10:41:46",  -52,  135,  1092,  35,  104,  -26,  21,  27,  -40
3755262, 1710499306, "2024/3/15 10:41:46",  -515,  95,  980,  -11,  11,  -20,  32,  29,  -32
3755462, 1710499306, "2024/3/15 10:41:46",  -162,  41,  852,  -47,  -111,  -20,  25,  34,  -38
3755662, 1710499306, "2024/3/15 10:41:46",  311,  -238,  1021,  -5,  -24,  -17,  13,  40,  -43
3755862, 1710499307, "2024/3/15 10:41:47",  82,  -104,  969,  47,  44,  -21,  14,  38,  -44
3756062, 1710499307, "2024/3/15 10:41:47",  -260,  183,  1001,  15,  41,  -20,  19,  34,  -41
3756262, 1710499307, "2024/3/15 10:41:47",  -204,  46,  1089,  -42,  -39,  -18,  22,  36,  -39
3756462, 1710499307, "2024/3/15 10:41:47",  232,  -243,  1168,  -5,  -14,  -20,  16,  43,  -40
3756662, 1710499307, "2024/3/15 10:41:47",  33,  -80,  979,  40,  64,  -19,  16,  39,  -40
3756862, 1710499308, "2024/3/15 10:41:48",  -262,  9,  816,  34,  31,  -20,  22,  37,  -37
3757062, 1710499308, "2024/3/15 10:41:48",  -279,  115,  865,  10,  -46,  -15,  21,  36,  -39
3757262, 1710499308, "2024/3/15 10:41:48",  1,  126,  997,  -41,  -78,  -14,  13,  39,  -43
3757462, 1710499308, "2024/3/15 10:41:48",  269,  -117,  1097,  -54,  -2,  -19,  6,  47,  -40
3757662, 1710499308, "2024/3/15 10:41:48",  3,  -288,  913,  16,  67,  -18,  9,  49,  -37
3757862, 1710499309, "2024/3/15 10:41:49",  -218,  -14,  772,  61,  34,  -21,  13,  46,  -40
3758062, 1710499309, "2024/3/15 10:41:49",  -355,  287,  914,  -4,  -50,  -19,  13,  41,  -42
3758262, 1710499309, "2024/3/15 10:41:49",  58,  23,  962,  -70,  -85,  -20,  3,  49,  -40
3758462, 1710499309, "2024/3/15 10:41:49",  434,  -341,  1026,  -6,  30,  -26,  -5,  52,  -34
3758662, 1710499309, "2024/3/15 10:41:49",  -48,  -25,  765,  47,  123,  -28,  1,  49,  -38
3758862, 1710499310, "2024/3/15 10:41:50",  -661,  93,  933,  -2,  -22,  -27,  8,  48,  -38
3759062, 1710499310, "2024/3/15 10:41:50",  -166,  -67,  772,  -2,  -132,  -14,  -4,  48,  -38
3759262, 1710499310, "2024/3/15 10:41:50",  611,  14,  1030,  -2,  -38,  -10,  -20,  47,  -33
3759462, 1710499310, "2024/3/15 10:41:50",  254,  -64,  876,  -9,  149,  -16,  -12,  48,  -36
3759662, 1710499310, "2024/3/15 10:41:50",  -742,  -25,  990,  0,  53,  -5,  3,  49,  -40
3759862, 1710499311, "2024/3/15 10:41:51",  -279,  -44,  927,  0,  -125,  3,  -2,  49,  -38
3760062, 1710499311, "2024/3/15 10:41:51",  483,  -11,  1098,  -4,  -44,  9,  -14,  50,  -35
3760262, 1710499311, "2024/3/15 10:41:51",  276,  -81,  958,  -8,  100,  2,  -9,  50,  -37
3760462, 1710499311, "2024/3/15 10:41:51",  -527,  -23,  946,  13,  75,  10,  4,  50,  -39
3760662, 1710499311, "2024/3/15 10:41:51",  -364,  -6,  997,  4,  -101,  12,  2,  49,  -39
3760862, 1710499312, "2024/3/15 10:41:52",  313,  23,  1055,  -15,  -63,  17,  -11,  49,  -36
3761062, 1710499312, "2024/3/15 10:41:52",  272,  -145,  905,  -10,  60,  11,  -7,  50,  -36
3761262, 1710499312, "2024/3/15 10:41:52",  -303,  -162,  783,  48,  67,  13,  0,  49,  -37
3761462, 1710499312, "2024/3/15 10:41:52",  -321,  200,  1018,  33,  -53,  17,  5,  43,  -43
3761662, 1710499312, "2024/3/15 10:41:52",  160,  126,  1061,  -50,  -50,  15,  -2,  43,  -43
3761862, 1710499313, "2024/3/15 10:41:53",  226,  -214,  937,  -39,  38,  9,  -4,  52,  -37
3762062, 1710499313, "2024/3/15 10:41:53",  -205,  -179,  943,  34,  61,  12,  4,  53,  -36
3762262, 1710499313, "2024/3/15 10:41:53",  -274,  119,  1070,  32,  -27,  12,  9,  46,  -40
3762462, 1710499313, "2024/3/15 10:41:53",  22,  72,  1015,  -18,  -45,  12,  3,  45,  -40
3762662, 1710499313, "2024/3/15 10:41:53",  156,  -87,  1064,  -29,  0,  8,  1,  48,  -40
3762862, 1710499314, "2024/3/15 10:41:54",  -50,  -153,  1069,  13,  48,  9,  5,  51,  -38
3763062, 1710499314, "2024/3/15 10:41:54",  -264,  65,  915,  18,  -9,  9,  10,  47,  -39
3763262, 1710499314, "2024/3/15 10:41:54",  -109,  -2,  780,  -9,  -56,  10,  4,  46,  -40
3763462, 1710499314, "2024/3/15 10:41:54",  157,  -56,  995,  -3,  -25,  12,  1,  45,  -41
3763662, 1710499314, "2024/3/15 10:41:54",  219,  -37,  1129,  -2,  57,  8,  3,  48,  -41
3763862, 1710499315, "2024/3/15 10:41:55",  -208,  5,  958,  2,  86,  9,  13,  48,  -39
3764062, 1710499315, "2024/3/15 10:41:55",  -436,  13,  869,  -16,  -32,  10,  17,  48,  -36
3764262, 1710499315, "2024/3/15 10:41:55",  -67,  -121,  904,  -2,  -88,  19,  12,  48,  -40
3764462, 1710499315, "2024/3/15 10:41:55",  268,  -73,  1122,  15,  -27,  20,  5,  46,  -40
3764662, 1710499315, "2024/3/15 10:41:55",  135,  89,  1095,  2,  63,  15,  7,  44,  -42
3764862, 1710499316, "2024/3/15 10:41:56",  -307,  25,  973,  -32,  43,  18,  18,  47,  -36
3765062, 1710499316, "2024/3/15 10:41:56",  -118,  -238,  878,  8,  -23,  19,  20,  46,  -36
3765262, 1710499316, "2024/3/15 10:41:56",  -30,  19,  990,  45,  -23,  25,  19,  40,  -40
3765462, 1710499316, "2024/3/15 10:41:56",  52,  186,  1104,  -19,  -9,  22,  16,  36,  -42
3765662, 1710499316, "2024/3/15 10:41:56",  -86,  -77,  996,  -45,  18,  21,  20,  40,  -39
3765862, 1710499317, "2024/3/15 10:41:57",  -178,  -206,  920,  0,  -26,  21,  20,  42,  -39
3766062, 1710499317, "2024/3/15 10:41:57",  -14,  -94,  900,  49,  -38,  27,  17,  35,  -40
3766262, 1710499317, "2024/3/15 10:41:57",  192,  143,  1041,  23,  6,  27,  14,  27,  -44
3766462, 1710499317, "2024/3/15 10:41:57",  -11,  63,  1093,  -24,  63,  23,  20,  26,  -43
3766662, 1710499317, "2024/3/15 10:41:57",  -280,  -88,  1093,  -24,  18,  25,  26,  28,  -38
3766862, 1710499318, "2024/3/15 10:41:58",  -116,  -144,  1015,  10,  -34,  27,  27,  26,  -39
3767062, 1710499318, "2024/3/15 10:41:58",  -21,  -21,  907,  30,  -38,  27,  19,  20,  -44
3767262, 1710499318, "2024/3/15 10:41:58",  101,  173,  964,  -6,  -10,  26,  17,  16,  -44
3767462, 1710499318, "2024/3/15 10:41:58",  54,  -80,  1088,  -36,  47,  21,  17,  18,  -43
3767662, 1710499318, "2024/3/15 10:41:58",  -200,  -163,  1008,  15,  24,  21,  23,  20,  -41
3767862, 1710499319, "2024/3/15 10:41:59",  -246,  111,  830,  17,  -37,  23,  22,  12,  -40
3768062, 1710499319, "2024/3/15 10:41:59",  104,  66,  991,  -37,  -53,  22,  14,  13,  -45
3768262, 1710499319, "2024/3/15 10:41:59",  252,  -254,  1224,  -6,  52,  16,  13,  16,  -45
3768462, 1710499319, "2024/3/15 10:41:59",  -201,  -127,  959,  63,  67,  13,  21,  13,  -40
3768662, 1710499319, "2024/3/15 10:41:59",  -344,  245,  802,  31,  -25,  13,  23,  4,  -34
3768862, 1710499320, "2024/3/15 10:42:0",  -45,  164,  853,  -59,  -78,  11,  14,  3,  -40
3769062, 1710499320, "2024/3/15 10:42:0",  303,  -232,  1086,  -50,  -1,  3,  10,  14,  -46
3769262, 1710499320, "2024/3/15 10:42:0",  21,  -199,  971,  26,  78,  0,  16,  14,  -44
3769462, 1710499320, "2024/3/15 10:42:0",  -467,  45,  874,  47,  -5,  0,  23,  8,  -38
3769662, 1710499320, "2024/3/15 10:42:0",  27,  289,  921,  -19,  -57,  3,  16,  5,  -40
3769862, 1710499321, "2024/3/15 10:42:1",  249,  -143,  1052,  -73,  17,  -8,  14,  13,  -45
3770062, 1710499321, "2024/3/15 10:42:1",  -106,  -361,  965,  30,  60,  -5,  19,  17,  -42
3770262, 1710499321, "2024/3/15 10:42:1",  -323,  14,  813,  84,  -6,  -4,  25,  11,  -39
3770462, 1710499321, "2024/3/15 10:42:1",  -25,  350,  869,  12,  -63,  -1,  19,  4,  -39
3770662, 1710499321, "2024/3/15 10:42:1",  151,  292,  875,  -114,  -3,  -12,  16,  10,  -42
3770862, 1710499322, "2024/3/15 10:42:2",  11,  -446,  865,  -104,  34,  -15,  19,  30,  -43
3771062, 1710499322, "2024/3/15 10:42:2",  -192,  -562,  886,  99,  24,  -8,  23,  34,  -39
3771262, 1710499322, "2024/3/15 10:42:2",  -169,  288,  948,  136,  -38,  -6,  21,  17,  -41
3771462, 1710499322, "2024/3/15 10:42:2",  111,  580,  1122,  -61,  -6,  -12,  18,  10,  -42
3771662, 1710499322, "2024/3/15 10:42:2",  57,  -276,  938,  -121,  23,  -21,  21,  27,  -41
3771862, 1710499323, "2024/3/15 10:42:3",  -39,  -537,  916,  38,  58,  -14,  26,  37,  -37
3772062, 1710499323, "2024/3/15 10:42:3",  -335,  39,  936,  114,  -8,  -18,  28,  27,  -36
3772262, 1710499323, "2024/3/15 10:42:3",  -125,  384,  1059,  17,  -56,  -15,  23,  20,  -39
3772462, 1710499323, "2024/3/15 10:42:3",  124,  124,  939,  -84,  -39,  -18,  17,  26,  -44
3772662, 1710499323, "2024/3/15 10:42:3",  107,  -305,  920,  -51,  21,  -21,  16,  40,  -42
3772862, 1710499324, "2024/3/15 10:42:4",  -98,  -276,  1013,  53,  36,  -18,  19,  40,  -40
3773062, 1710499324, "2024/3/15 10:42:4",  -96,  160,  1078,  59,  14,  -18,  21,  33,  -41
3773262, 1710499324, "2024/3/15 10:42:4",  -141,  209,  964,  -32,  -3,  -20,  23,  32,  -40
3773462, 1710499324, "2024/3/15 10:42:4",  -42,  -172,  894,  -47,  -27,  -20,  18,  41,  -40
3773662, 1710499324, "2024/3/15 10:42:4",  35,  -286,  1018,  41,  -5,  -15,  15,  43,  -39
3773862, 1710499325, "2024/3/15 10:42:5",  11,  104,  1065,  63,  16,  -16,  16,  35,  -42
3774062, 1710499325, "2024/3/15 10:42:5",  -83,  273,  993,  -30,  31,  -17,  20,  32,  -42
3774262, 1710499325, "2024/3/15 10:42:5",  -211,  -112,  912,  -69,  -15,  -19,  20,  42,  -37
3774462, 1710499325, "2024/3/15 10:42:5",  -74,  -301,  987,  16,  -53,  -11,  13,  48,  -38
3774662, 1710499325, "2024/3/15 10:42:5",  134,  97,  1026,  42,  -15,  -9,  10,  43,  -41
3774862, 1710499326, "2024/3/15 10:42:6",  34,  140,  935,  -24,  29,  -11,  9,  41,  -42
3775062, 1710499326, "2024/3/15 10:42:6",  -108,  -144,  934,  -30,  35,  -7,  14,  47,  -36
3775262, 1710499326, "2024/3/15 10:42:6",  -120,  -170,  1009,  27,  0,  -7,  13,  48,  -36
3775462, 1710499326, "2024/3/15 10:42:6",  -84,  167,  1007,  17,  -15,  -6,  13,  43,  -39
3775662, 1710499326, "2024/3/15 10:42:6",  52,  -11,  983,  -33,  -2,  -6,  12,  46,  -38
3775862, 1710499327, "2024/3/15 10:42:7",  -71,  -212,  969,  10,  15,  -6,  14,  49,  -37
3776062, 1710499327, "2024/3/15 10:42:7",  -249,  1,  917,  38,  -33,  -3,  11,  44,  -41
3776262, 1710499327, "2024/3/15 10:42:7",  82,  121,  1010,  8,  -46,  2,  6,  41,  -44
3776462, 1710499327, "2024/3/15 10:42:7",  253,  24,  1188,  -38,  36,  -2,  6,  43,  -41
3776662, 1710499327, "2024/3/15 10:42:7",  -144,  -154,  1084,  -15,  79,  1,  11,  47,  -37
3776862, 1710499328, "2024/3/15 10:42:8",  -377,  -70,  971,  19,  -15,  4,  19,  48,  -34
3777062, 1710499328, "2024/3/15 10:42:8",  17,  39,  983,  9,  -59,  9,  12,  44,  -40
3777262, 1710499328, "2024/3/15 10:42:8",  238,  9,  1143,  -13,  17,  7,  10,  44,  -40
3777462, 1710499328, "2024/3/15 10:42:8",  -41,  -164,  1018,  4,  66,  7,  16,  46,  -37
3777662, 1710499328, "2024/3/15 10:42:8",  -334,  -42,  836,  47,  10,  10,  21,  42,  -35
3777862, 1710499329, "2024/3/15 10:42:9",  -177,  221,  897,  0,  -82,  12,  17,  38,  -41
3778062, 1710499329, "2024/3/15 10:42:9",  233,  23,  1075,  -65,  -19,  9,  10,  42,  -44
3778262, 1710499329, "2024/3/15 10:42:9",  37,  -280,  1005,  -20,  35,  2,  13,  48,  -37
3778462, 1710499329, "2024/3/15 10:42:9",  -184,  -78,  914,  48,  29,  6,  15,  45,  -34
3778662, 1710499329, "2024/3/15 10:42:9",  -113,  121,  1026,  21,  -18,  8,  18,  41,  -39
3778862, 1710499330, "2024/3/15 10:42:10",  75,  44,  951,  -18,  8,  4,  15,  39,  -42
3779062, 1710499330, "2024/3/15 10:42:10",  -337,  -33,  729,  -30,  -26,  5,  19,  42,  -38
3779262, 1710499330, "2024/3/15 10:42:10",  -43,  -157,  791,  -2,  -80,  11,  10,  45,  -41
3779462, 1710499330, "2024/3/15 10:42:10",  253,  0,  1118,  22,  0,  16,  9,  40,  -44
3779662, 1710499330, "2024/3/15 10:42:10",  233,  21,  1082,  -13,  81,  9,  10,  40,  -43
3779862, 1710499331, "2024/3/15 10:42:11",  -382,  -98,  936,  7,  100,  16,  26,  42,  -34
3780062, 1710499331, "2024/3/15 10:42:11",  -423,  43,  979,  6,  -77,  16,  28,  39,  -33
3780262, 1710499331, "2024/3/15 10:42:11",  28,  67,  906,  -31,  -81,  22,  17,  38,  -40
3780462, 1710499331, "2024/3/15 10:42:11",  282,  -168,  979,  -30,  -19,  16,  12,  42,  -41
3780662, 1710499331, "2024/3/15 10:42:11",  34,  -197,  989,  35,  72,  14,  16,  42,  -40
3780862, 1710499332, "2024/3/15 10:42:12",  -310,  67,  1053,  45,  12,  14,  23,  36,  -38
3781062, 1710499332, "2024/3/15 10:42:12",  -8,  131,  1051,  -1,  -15,  14,  22,  28,  -40
3781262, 1710499332, "2024/3/15 10:42:12",  -32,  -94,  1028,  -24,  -6,  10,  19,  31,  -42
3781462, 1710499332, "2024/3/15 10:42:12",  -40,  -89,  1035,  14,  -6,  11,  20,  30,  -42
3781662, 1710499332, "2024/3/15 10:42:12",  -41,  89,  1122,  -2,  4,  10,  21,  27,  -42
3781862, 1710499333, "2024/3/15 10:42:13",  -10,  5,  1082,  -31,  6,  8,  22,  29,  -42
3782062, 1710499333, "2024/3/15 10:42:13",  -140,  -112,  945,  -22,  7,  8,  23,  34,  -40
3782262, 1710499333, "2024/3/15 10:42:13",  -62,  -227,  905,  32,  -25,  8,  22,  33,  -40
3782462, 1710499333, "2024/3/15 10:42:13",  0,  -39,  973,  76,  -9,  11,  19,  22,  -41
3782662, 1710499333, "2024/3/15 10:42:13",  27,  263,  1079,  26,  6,  9,  18,  13,  -43
3782862, 1710499334, "2024/3/15 10:42:14",  -35,  229,  1030,  -74,  27,  5,  21,  16,  -42
3783062, 1710499334, "2024/3/15 10:42:14",  -186,  -158,  867,  -95,  5,  2,  22,  30,  -40
3783262, 1710499334, "2024/3/15 10:42:14",  -113,  -440,  875,  14,  -41,  8,  21,  35,  -42
3783462, 1710499334, "2024/3/15 10:42:14",  142,  -89,  938,  108,  -13,  12,  16,  24,  -44
3783662, 1710499334, "2024/3/15 10:42:14",  152,  370,  1050,  30,  54,  7,  19,  10,  -42
3783862, 1710499335, "2024/3/15 10:42:15",  -325,  165,  915,  -76,  43,  6,  27,  16,  -36
3784062, 1710499335, "2024/3/15 10:42:15",  -205,  -271,  792,  -69,  -52,  7,  26,  22,  -39
3784262, 1710499335, "2024/3/15 10:42:15",  37,  -370,  919,  58,  -53,  12,  18,  23,  -44
3784462, 1710499335, "2024/3/15 10:42:15",  277,  263,  1069,  62,  18,  11,  14,  10,  -44
3784662, 1710499335, "2024/3/15 10:42:15",  -93,  236,  951,  -54,  79,  7,  20,  11,  -39
3784862, 1710499336, "2024/3/15 10:42:16",  -390,  -293,  896,  -41,  -13,  10,  24,  18,  -38
3785062, 1710499336, "2024/3/15 10:42:16",  -11,  -176,  984,  51,  -61,  21,  19,  14,  -42
3785262, 1710499336, "2024/3/15 10:42:16",  212,  150,  1119,  29,  -7,  17,  15,  5,  -43
3785462, 1710499336, "2024/3/15 10:42:16",  -38,  103,  955,  -23,  56,  16,  16,  3,  -40
3785662, 1710499336, "2024/3/15 10:42:16",  -340,  -48,  853,  -38,  -5,  18,  19,  10,  -41
3785862, 1710499337, "2024/3/15 10:42:17",  -86,  -173,  930,  1,  -70,  21,  12,  7,  -44
3786062, 1710499337, "2024/3/15 10:42:17",  331,  31,  1064,  20,  2,  21,  7,  5,  -44
3786262, 1710499337, "2024/3/15 10:42:17",  85,  54,  954,  -17,  95,  17,  10,  5,  -43
3786462, 1710499337, "2024/3/15 10:42:17",  -585,  -135,  1036,  1,  7,  24,  17,  3,  -40
3786662, 1710499337, "2024/3/15 10:42:17",  -155,  -13,  944,  22,  -114,  32,  9,  -1,  -42
3786862, 1710499338, "2024/3/15 10:42:18",  438,  29,  935,  -12,  -32,  30,  -5,  -2,  -44
3787062, 1710499338, "2024/3/15 10:42:18",  138,  -27,  811,  -8,  92,  24,  -4,  2,  -43
3787262, 1710499338, "2024/3/15 10:42:18",  -414,  4,  1027,  -2,  40,  26,  6,  2,  -43
3787462, 1710499338, "2024/3/15 10:42:18",  -209,  41,  1088,  -17,  -51,  29,  4,  0,  -43
3787662, 1710499338, "2024/3/15 10:42:18",  180,  -179,  990,  -21,  -35,  22,  -5,  5,  -45
3787862, 1710499339, "2024/3/15 10:42:19",  50,  -253,  958,  66,  31,  22,  -6,  2,  -44
3788062, 1710499339, "2024/3/15 10:42:19",  -273,  322,  1015,  46,  -17,  18,  -8,  -8,  -37
3788262, 1710499339, "2024/3/15 10:42:19",  -52,  217,  933,  -78,  -50,  13,  -14,  -7,  -37
3788462, 1710499339, "2024/3/15 10:42:19",  238,  -427,  1041,  -39,  3,  5,  -18,  4,  -43
3788662, 1710499339, "2024/3/15 10:42:19",  125,  -225,  993,  80,  77,  4,  -13,  2,  -43
3788862, 1710499340, "2024/3/15 10:42:20",  -229,  307,  913,  52,  73,  -4,  -2,  -9,  -39
3789062, 1710499340, "2024/3/15 10:42:20",  -384,  286,  874,  -68,  -37,  -4,  1,  -6,  -39
3789262, 1710499340, "2024/3/15 10:42:20",  -127,  -203,  882,  -89,  -99,  -5,  -8,  6,  -44
3789462, 1710499340, "2024/3/15 10:42:20",  248,  -481,  1170,  54,  -63,  -10,  -20,  8,  -41
3789662, 1710499340, "2024/3/15 10:42:20",  330,  187,  1028,  93,  75,  -12,  -21,  -3,  -35
3789862, 1710499341, "2024/3/15 10:42:21",  -296,  306,  828,  -38,  97,  -15,  -6,  -8,  -38
3790062, 1710499341, "2024/3/15 10:42:21",  -436,  -152,  937,  -78,  -60,  -9,  -3,  -1,  -45
3790262, 1710499341, "2024/3/15 10:42:21",  93,  -292,  975,  25,  -68,  -2,  -12,  7,  -44
3790462, 1710499341, "2024/3/15 10:42:21",  297,  13,  906,  53,  -6,  -7,  -19,  -1,  -39
3790662, 1710499341, "2024/3/15 10:42:21",  -32,  191,  838,  11,  81,  -11,  -12,  -6,  -36
3790862, 1710499342, "2024/3/15 10:42:22",  -303,  102,  942,  -58,  10,  -9,  -7,  -2,  -41
3791062, 1710499342, "2024/3/15 10:42:22",  -73,  -230,  1051,  -36,  -41,  -9,  -8,  6,  -46
3791262, 1710499342, "2024/3/15 10:42:22",  96,  -130,  1031,  31,  -16,  -9,  -12,  2,  -44
3791462, 1710499342, "2024/3/15 10:42:22",  44,  29,  973,  27,  23,  -11,  -10,  0,  -41
3791662, 1710499342, "2024/3/15 10:42:22",  -170,  26,  1020,  12,  22,  -11,  -7,  -3,  -41
3791862, 1710499343, "2024/3/15 10:42:23",  -99,  29,  979,  -8,  -24,  -11,  -8,  -4,  -40
3792062, 1710499343, "2024/3/15 10:42:23",  46,  0,  927,  -13,  -4,  -10,  -8,  -2,  -42
3792262, 1710499343, "2024/3/15 10:42:23",  0,  -4,  963,  -24,  9,  -13,  -6,  2,  -43
3792462, 1710499343, "2024/3/15 10:42:23",  -14,  -126,  1008,  -9,  28,  -9,  -3,  5,  -45
3792662, 1710499343, "2024/3/15 10:42:23",  -210,  -183,  1009,  37,  5,  -11,  3,  2,  -45
3792862, 1710499344, "2024/3/15 10:42:24",  -138,  19,  1071,  63,  -51,  -8,  -2,  -7,  -41
3793062, 1710499344, "2024/3/15 10:42:24",  154,  262,  1019,  -3,  -22,  -8,  -5,  -10,  -35
3793262, 1710499344, "2024/3/15 10:42:24",  175,  48,  796,  -68,  51,  -12,  -3,  -6,  -42
3793462, 1710499344, "2024/3/15 10:42:24",  -334,  -243,  897,  -35,  36,  -9,  6,  6,  -44
3793662, 1710499344, "2024/3/15 10:42:24",  -236,  -153,  1037,  40,  -64,  -4,  3,  4,  -45
3793862, 1710499345, "2024/3/15 10:42:25",  306,  137,  992,  26,  -29,  -1,  -4,  -3,  -42
3794062, 1710499345, "2024/3/15 10:42:25",  106,  59,  883,  -30,  73,  -5,  -3,  -3,  -42
3794262, 1710499345, "2024/3/15 10:42:25",  -389,  -294,  1117,  10,  17,  0,  7,  0,  -43
3794462, 1710499345, "2024/3/15 10:42:25",  -117,  19,  1069,  66,  -57,  6,  4,  -4,  -39
3794662, 1710499345, "2024/3/15 10:42:25",  289,  233,  920,  -4,  -9,  5,  -3,  -9,  -37
3794862, 1710499346, "2024/3/15 10:42:26",  -61,  91,  831,  -68,  61,  2,  1,  -4,  -41
3795062, 1710499346, "2024/3/15 10:42:26",  -309,  -296,  1037,  -34,  -14,  1,  4,  4,  -44
3795262, 1710499346, "2024/3/15 10:42:26",  -60,  -127,  1011,  46,  -55,  10,  -2,  3,  -44
3795462, 1710499346, "2024/3/15 10:42:26",  241,  151,  915,  17,  -19,  6,  -9,  -3,  -40
3795662, 1710499346, "2024/3/15 10:42:26",  59,  62,  980,  -28,  70,  4,  -5,  -1,  -41
3795862, 1710499347, "2024/3/15 10:42:27",  -293,  -146,  1125,  -24,  17,  5,  3,  2,  -44
3796062, 1710499347, "2024/3/15 10:42:27",  -113,  -188,  1013,  35,  -26,  11,  1,  3,  -44
3796262, 1710499347, "2024/3/15 10:42:27",  3,  44,  949,  50,  -41,  8,  -3,  -5,  -39
3796462, 1710499347, "2024/3/15 10:42:27",  36,  264,  981,  -15,  -7,  3,  -7,  -9,  -36
3796662, 1710499347, "2024/3/15 10:42:27",  59,  89,  868,  -88,  16,  2,  -7,  -1,  -41
3796862, 1710499348, "2024/3/15 10:42:28",  20,  -409,  940,  -42,  55,  -3,  -2,  9,  -45
3797062, 1710499348, "2024/3/15 10:42:28",  -370,  -356,  1078,  110,  -1,  1,  3,  8,  -45
3797262, 1710499348, "2024/3/15 10:42:28",  -172,  419,  1038,  78,  -88,  2,  -3,  -10,  -36
3797462, 1710499348, "2024/3/15 10:42:28",  349,  250,  932,  -67,  -34,  -4,  -11,  -12,  -34
3797662, 1710499348, "2024/3/15 10:42:28",  234,  -151,  765,  -74,  96,  -7,  -6,  -1,  -44
3797862, 1710499349, "2024/3/15 10:42:29",  -359,  -230,  855,  -11,  60,  -6,  10,  7,  -45
3798062, 1710499349, "2024/3/15 10:42:29",  -408,  -37,  973,  42,  -57,  4,  10,  5,  -43
3798262, 1710499349, "2024/3/15 10:42:29",  172,  62,  1020,  10,  -93,  8,  -5,  1,  -43
3798462, 1710499349, "2024/3/15 10:42:29",  382,  -61,  1088,  5,  49,  1,  -8,  0,  -41
3798662, 1710499349, "2024/3/15 10:42:29",  -231,  -40,  1017,  16,  82,  2,  4,  -1,  -43
3798862, 1710499350, "2024/3/15 10:42:30",  -437,  14,  1057,  18,  -32,  5,  6,  -4,  -39
3799062, 1710499350, "2024/3/15 10:42:30",  21,  134,  951,  -17,  -90,  8,  -2,  -3,  -39
3799262, 1710499350, "2024/3/15 10:42:30",  358,  -21,  944,  -49,  7,  3,  -11,  -1,  -41
3799462, 1710499350, "2024/3/15 10:42:30",  -17,  -274,  895,  1,  80,  0,  -2,  3,  -45
3799662, 1710499350, "2024/3/15 10:42:30",  -384,  -75,  1010,  66,  13,  4,  5,  0,  -43
3799862, 1710499351, "2024/3/15 10:42:31",  -177,  279,  1030,  10,  -76,  6,  1,  -8,  -36
3800062, 1710499351, "2024/3/15 10:42:31",  260,  2,  958,  -57,  -41,  -1,  -8,  -4,  -38
3800262, 1710499351, "2024/3/15 10:42:31",  129,  -236,  936,  -12,  54,  -2,  -7,  2,  -43
3800462, 1710499351, "2024/3/15 10:42:31",  -154,  -68,  967,  38,  48,  -4,  1,  -1,  -42
3800662, 1710499351, "2024/3/15 10:42:31",  -239,  158,  1003,  11,  -1,  -1,  5,  -4,  -40
3800862, 1710499352, "2024/3/15 10:42:32",  20,  5,  936,  -35,  -37,  -3,  1,  -3,  -43
3801062, 1710499352, "2024/3/15 10:42:32",  87,  -129,  905,  -8,  19,  -2,  0,  0,  -43
3801262, 1710499352, "2024/3/15 10:42:32",  -166,  -27,  933,  10,  2,  -5,  4,  0,  -42
3801462, 1710499352, "2024/3/15 10:42:32",  -103,  21,  1054,  5,  -19,  -3,  2,  0,  -42
3801662, 1710499352, "2024/3/15 10:42:32",  87,  1,  1059,  -11,  -16,  -5,  0,  0,  -44
3801862, 1710499353, "2024/3/15 10:42:33",  105,  -60,  920,  -6,  51,  -5,  1,  2,  -43
3802062, 1710499353, "2024/3/15 10:42:33",  -302,  -36,  937,  5,  15,  -4,  10,  3,  -42
3802262, 1710499353, "2024/3/15 10:42:33",  -89,  -30,  1013,  8,  -38,  0,  3,  3,  -43
3802462, 1710499353, "2024/3/15 10:42:33",  47,  -33,  1064,  7,  -22,  -1,  1,  2,  -44
3802662, 1710499353, "2024/3/15 10:42:33",  68,  -71,  1072,  21,  15,  -5,  0,  -1,  -40
3802862, 1710499354, "2024/3/15 10:42:34",  -163,  96,  975,  11,  16,  -3,  4,  -5,  -39
3803062, 1710499354, "2024/3/15 10:42:34",  -40,  65,  909,  -30,  -13,  -3,  4,  -4,  -42
3803262, 1710499354, "2024/3/15 10:42:34",  -30,  -60,  1000,  -29,  3,  -3,  5,  2,  -44
3803462, 1710499354, "2024/3/15 10:42:34",  -21,  -102,  1025,  -15,  -8,  -4,  4,  6,  -47
3803662, 1710499354, "2024/3/15 10:42:34",  68,  -155,  956,  29,  33,  0,  6,  4,  -44
3803862, 1710499355, "2024/3/15 10:42:35",  -169,  37,  1017,  39,  19,  -3,  10,  -2,  -40
3804062, 1710499355, "2024/3/15 10:42:35",  -287,  128,  1124,  -2,  -39,  -3,  9,  -2,  -40
3804262, 1710499355, "2024/3/15 10:42:35",  35,  -60,  1032,  -22,  -70,  -1,  3,  -1,  -44
3804462, 1710499355, "2024/3/15 10:42:35",  334,  -106,  973,  7,  20,  -3,  -2,  -1,  -43
3804662, 1710499355, "2024/3/15 10:42:35",  -96,  14,  896,  16,  88,  -5,  6,  -2,  -41
3804862, 1710499356, "2024/3/15 10:42:36",  -408,  33,  1020,  -2,  -17,  -1,  11,  -2,  -40
3805062, 1710499356, "2024/3/15 10:42:36",  -30,  43,  957,  -17,  -58,  3,  7,  -1,  -41
3805262, 1710499356, "2024/3/15 10:42:36",  271,  -28,  938,  -35,  -13,  -2,  0,  3,  -44
3805462, 1710499356, "2024/3/15 10:42:36",  38,  -155,  973,  -7,  86,  0,  5,  6,  -45
3805662, 1710499356, "2024/3/15 10:42:36",  -510,  -181,  1103,  43,  -5,  2,  13,  4,  -42
3805862, 1710499357, "2024/3/15 10:42:37",  -113,  110,  980,  52,  -98,  10,  5,  -3,  -38
3806062, 1710499357, "2024/3/15 10:42:37",  360,  125,  1001,  -17,  -29,  8,  -4,  -9,  -38
3806262, 1710499357, "2024/3/15 10:42:37",  146,  -57,  948,  -25,  82,  4,  -2,  -3,  -40
3806462, 1710499357, "2024/3/15 10:42:37",  -286,  33,  977,  -15,  58,  9,  8,  0,  -41
3806662, 1710499357, "2024/3/15 10:42:37",  -255,  4,  928,  -40,  -24,  9,  10,  1,  -43
3806862, 1710499358, "2024/3/15 10:42:38",  -54,  -174,  923,  -15,  -61,  11,  3,  5,  -45
3807062, 1710499358, "2024/3/15 10:42:38",  212,  -215,  1022,  48,  -13,  11,  -4,  3,  -44
3807262, 1710499358, "2024/3/15 10:42:38",  35,  60,  1015,  71,  52,  7,  -4,  -5,  -39
3807462, 1710499358, "2024/3/15 10:42:38",  -283,  254,  958,  1,  8,  4,  2,  -11,  -35
3807662, 1710499358, "2024/3/15 10:42:38",  -59,  140,  741,  -72,  -38,  4,  -1,  -5,  -40
3807862, 1710499359, "2024/3/15 10:42:39",  197,  -226,  848,  -67,  5,  -4,  -3,  4,  -48
3808062, 1710499359, "2024/3/15 10:42:39",  -36,  -462,  1073,  61,  47,  -5,  1,  9,  -46
3808262, 1710499359, "2024/3/15 10:42:39",  -383,  208,  1046,  105,  -7,  -7,  5,  -7,  -37
3808462, 1710499359, "2024/3/15 10:42:39",  5,  439,  901,  -38,  -78,  -9,  0,  -11,  -34
3808662, 1710499359, "2024/3/15 10:42:39",  380,  -46,  913,  -113,  41,  -16,  -1,  0,  -44
3808862, 1710499360, "2024/3/15 10:42:40",  -135,  -570,  1021,  -9,  74,  -20,  11,  12,  -46
3809062, 1710499360, "2024/3/15 10:42:40",  -406,  -104,  912,  127,  2,  -7,  15,  6,  -42
3809262, 1710499360, "2024/3/15 10:42:40",  -84,  472,  854,  34,  -87,  -3,  11,  -7,  -34
3809462, 1710499360, "2024/3/15 10:42:40",  246,  205,  823,  -98,  -24,  -14,  5,  -2,  -42
3809662, 1710499360, "2024/3/15 10:42:40",  63,  -345,  944,  -72,  47,  -16,  10,  16,  -45
3809862, 1710499361, "2024/3/15 10:42:41",  -122,  -435,  1092,  77,  39,  -15,  15,  17,  -44
3810062, 1710499361, "2024/3/15 10:42:41",  -287,  243,  1085,  100,  -8,  -12,  18,  2,  -37
3810262, 1710499361, "2024/3/15 10:42:41",  11,  369,  954,  -34,  -44,  -15,  13,  -2,  -38
3810462, 1710499361, "2024/3/15 10:42:41",  44,  -20,  791,  -97,  -8,  -18,  14,  10,  -42
3810662, 1710499361, "2024/3/15 10:42:41",  43,  -470,  1023,  -7,  13,  -22,  14,  22,  -43
3810862, 1710499362, "2024/3/15 10:42:42",  -107,  -81,  1096,  95,  28,  -17,  18,  15,  -42
3811062, 1710499362, "2024/3/15 10:42:42",  -86,  323,  1110,  20,  -1,  -19,  22,  8,  -40
3811262, 1710499362, "2024/3/15 10:42:42",  -59,  -1,  1034,  -51,  6,  -20,  20,  13,  -40
3811462, 1710499362, "2024/3/15 10:42:42",  -107,  -146,  915,  -13,  -24,  -20,  21,  18,  -42
3811662, 1710499362, "2024/3/15 10:42:42",  45,  3,  842,  1,  -11,  -19,  21,  20,  -43
3811862, 1710499363, "2024/3/15 10:42:43",  21,  -19,  940,  -8,  16,  -19,  19,  25,  -42
3812062, 1710499363, "2024/3/15 10:42:43",  -127,  -143,  1004,  12,  14,  -19,  22,  26,  -41
3812262, 1710499363, "2024/3/15 10:42:43",  -222,  12,  938,  37,  -32,  -14,  22,  22,  -42
3812462, 1710499363, "2024/3/15 10:42:43",  98,  235,  979,  -22,  -42,  -15,  15,  21,  -44
3812662, 1710499363, "2024/3/15 10:42:43",  213,  -199,  1155,  -49,  45,  -20,  16,  29,  -44
3812862, 1710499364, "2024/3/15 10:42:44",  -101,  -311,  1095,  53,  72,  -20,  21,  33,  -39
3813062, 1710499364, "2024/3/15 10:42:44",  -331,  232,  905,  49,  10,  -20,  29,  26,  -36
3813262, 1710499364, "2024/3/15 10:42:44",  -169,  180,  760,  -44,  -64,  -20,  25,  30,  -39
3813462, 1710499364, "2024/3/15 10:42:44",  94,  -139,  894,  -42,  -50,  -21,  16,  38,  -42
3813662, 1710499364, "2024/3/15 10:42:44",  169,  -109,  1095,  2,  13,  -22,  15,  41,  -42
3813862, 1710499365, "2024/3/15 10:42:45",  -109,  -70,  1030,  17,  49,  -23,  17,  42,  -41
3814062, 1710499365, "2024/3/15 10:42:45",  -220,  -4,  931,  20,  -8,  -20,  20,  39,  -39
3814262, 1710499365, "2024/3/15 10:42:45",  42,  135,  990,  -6,  -19,  -19,  16,  40,  -40
3814462, 1710499365, "2024/3/15 10:42:45",  48,  -87,  1034,  -37,  20,  -21,  13,  45,  -39
3814662, 1710499365, "2024/3/15 10:42:45",  -167,  -236,  893,  24,  7,  -18,  15,  46,  -36
3814862, 1710499366, "2024/3/15 10:42:46",  -131,  115,  904,  38,  -33,  -15,  13,  42,  -42
3815062, 1710499366, "2024/3/15 10:42:46",  168,  126,  1187,  -28,  -2,  -14,  10,  42,  -42
3815262, 1710499366, "2024/3/15 10:42:46",  -30,  -182,  1095,  -22,  47,  -16,  10,  47,  -38
3815462, 1710499366, "2024/3/15 10:42:46",  -362,  -102,  769,  25,  -16,  -12,  12,  48,  -36
3815662, 1710499366, "2024/3/15 10:42:46",  -6,  97,  942,  20,  -68,  -6,  5,  44,  -41
3815862, 1710499367, "2024/3/15 10:42:47",  366,  86,  1306,  -36,  38,  -8,  3,  47,  -42
3816062, 1710499367, "2024/3/15 10:42:47",  -51,  -243,  989,  -22,  110,  -8,  11,  52,  -34
3816262, 1710499367, "2024/3/15 10:42:47",  -551,  -181,  743,  51,  -1,  0,  18,  51,  -33
3816462, 1710499367, "2024/3/15 10:42:47",  -179,  141,  827,  47,  -121,  10,  10,  42,  -40
3816662, 1710499367, "2024/3/15 10:42:47",  369,  232,  1174,  -45,  -30,  11,  0,  40,  -43
3816862, 1710499368, "2024/3/15 10:42:48",  192,  -230,  1023,  -55,  80,  4,  3,  50,  -37
3817062, 1710499368, "2024/3/15 10:42:48",  -401,  -228,  839,  32,  63,  12,  14,  52,  -33
3817262, 1710499368, "2024/3/15 10:42:48",  -305,  60,  880,  53,  -65,  15,  14,  46,  -38
3817462, 1710499368, "2024/3/15 10:42:48",  180,  242,  1107,  -33,  -54,  17,  4,  41,  -43
3817662, 1710499368, "2024/3/15 10:42:48",  225,  -156,  1088,  -65,  33,  12,  4,  48,  -37
3817862, 1710499369, "2024/3/15 10:42:49",  -129,  -349,  877,  37,  66,  13,  11,  52,  -35
3818062, 1710499369, "2024/3/15 10:42:49",  -296,  81,  881,  83,  -9,  15,  15,  42,  -37
3818262, 1710499369, "2024/3/15 10:42:49",  -30,  373,  1049,  -26,  -49,  13,  14,  38,  -44
3818462, 1710499369, "2024/3/15 10:42:49",  82,  -145,  992,  -84,  -6,  7,  10,  45,  -40
3818662, 1710499370, "2024/3/15 10:42:50",  -21,  -279,  952,  8,  17,  6,  13,  50,  -36
3818862, 1710499370, "2024/3/15 10:42:50",  -160,  39,  1036,  40,  3,  7,  11,  48,  -37
3819062, 1710499370, "2024/3/15 10:42:50",  10,  90,  1087,  -8,  -13,  9,  11,  45,  -41
3819262, 1710499370, "2024/3/15 10:42:50",  7,  -193,  921,  4,  15,  6,  12,  45,  -37
3819462, 1710499370, "2024/3/15 10:42:50",  -58,  -49,  855,  52,  14,  8,  16,  41,  -40
3819662, 1710499371, "2024/3/15 10:42:51",  -152,  291,  1013,  -8,  -6,  7,  16,  33,  -43
3819862, 1710499371, "2024/3/15 10:42:51",  -118,  16,  984,  -79,  -38,  4,  14,  41,  -41
3820062, 1710499371, "2024/3/15 10:42:51",  122,  -399,  1050,  -4,  -8,  3,  10,  49,  -38
3820262, 1710499371, "2024/3/15 10:42:51",  4,  55,  1042,  56,  22,  2,  11,  44,  -40
3820462, 1710499371, "2024/3/15 10:42:51",  -87,  178,  984,  -18,  31,  -2,  16,  39,  -42
3820662, 1710499372, "2024/3/15 10:42:52",  -117,  -163,  921,  -22,  8,  -2,  19,  45,  -36
3820862, 1710499372, "2024/3/15 10:42:52",  -33,  -159,  958,  32,  -3,  1,  17,  44,  -39
3821062, 1710499372, "2024/3/15 10:42:52",  -303,  130,  906,  36,  -31,  2,  17,  39,  -42
3821262, 1710499372, "2024/3/15 10:42:52",  -37,  210,  749,  -48,  -107,  1,  9,  36,  -45
3821462, 1710499372, "2024/3/15 10:42:52",  468,  -182,  1082,  -47,  49,  -2,  2,  48,  -40
3821662, 1710499373, "2024/3/15 10:42:53",  -14,  -240,  1129,  10,  88,  -14,  11,  51,  -35
3821862, 1710499373, "2024/3/15 10:42:53",  -494,  13,  992,  55,  50,  -3,  20,  47,  -35
3822062, 1710499373, "2024/3/15 10:42:53",  -232,  134,  804,  -1,  -101,  -2,  16,  43,  -39
3822262, 1710499373, "2024/3/15 10:42:53",  293,  11,  968,  -28,  -32,  -1,  7,  45,  -41
3822462, 1710499373, "2024/3/15 10:42:53",  93,  -134,  1071,  -20,  42,  -5,  10,  48,  -38
3822662, 1710499374, "2024/3/15 10:42:54",  -124,  -97,  981,  17,  58,  -4,  13,  49,  -36
3822862, 1710499374, "2024/3/15 10:42:54",  -383,  4,  888,  21,  -28,  0,  16,  48,  -36
3823062, 1710499374, "2024/3/15 10:42:54",  1,  -12,  817,  12,  -81,  4,  9,  44,  -40
3823262, 1710499374, "2024/3/15 10:42:54",  223,  75,  974,  -7,  -9,  4,  3,  44,  -43
3823462, 1710499374, "2024/3/15 10:42:54",  143,  9,  1102,  -40,  65,  0,  7,  46,  -40
3823662, 1710499375, "2024/3/15 10:42:55",  -293,  -167,  1109,  -11,  63,  5,  15,  52,  -35
3823862, 1710499375, "2024/3/15 10:42:55",  -325,  -52,  940,  12,  -58,  6,  16,  50,  -33
3824062, 1710499375, "2024/3/15 10:42:55",  32,  -131,  745,  29,  -72,  11,  9,  47,  -40
3824262, 1710499375, "2024/3/15 10:42:55",  227,  36,  889,  46,  -19,  14,  2,  41,  -43
3824462, 1710499375, "2024/3/15 10:42:55",  174,  259,  1083,  -25,  79,  10,  7,  39,  -45
3824662, 1710499376, "2024/3/15 10:42:56",  -405,  -58,  1051,  -72,  52,  13,  19,  44,  -37
3824862, 1710499376, "2024/3/15 10:42:56",  -268,  -298,  911,  -10,  -65,  18,  19,  49,  -33
3825062, 1710499376, "2024/3/15 10:42:56",  168,  -144,  938,  61,  -51,  26,  14,  46,  -38
3825262, 1710499376, "2024/3/15 10:42:56",  264,  129,  1104,  40,  42,  23,  12,  34,  -43
3825462, 1710499376, "2024/3/15 10:42:56",  -210,  171,  1051,  -12,  78,  22,  21,  33,  -40
3825662, 1710499377, "2024/3/15 10:42:57",  -386,  61,  971,  -61,  -34,  23,  27,  33,  -36
3825862, 1710499377, "2024/3/15 10:42:57",  27,  -195,  917,  -42,  -58,  24,  22,  38,  -39
3826062, 1710499377, "2024/3/15 10:42:57",  126,  -243,  916,  23,  -11,  19,  18,  38,  -41
3826262, 1710499377, "2024/3/15 10:42:57",  10,  -59,  911,  75,  26,  19,  20,  29,  -43
3826462, 1710499377, "2024/3/15 10:42:57",  -154,  241,  1077,  30,  20,  20,  24,  19,  -39
3826662, 1710499378, "2024/3/15 10:42:58",  -113,  79,  1032,  -41,  -26,  15,  21,  18,  -42
3826862, 1710499378, "2024/3/15 10:42:58",  43,  -48,  971,  -49,  1,  17,  19,  23,  -45
3827062, 1710499378, "2024/3/15 10:42:58",  -55,  -274,  1110,  2,  7,  12,  20,  29,  -41
3827262, 1710499378, "2024/3/15 10:42:58",  -104,  -33,  1097,  62,  1,  15,  22,  21,  -43
3827462, 1710499378, "2024/3/15 10:42:58",  -34,  229,  978,  4,  -19,  15,  19,  14,  -42
3827662, 1710499379, "2024/3/15 10:42:59",  56,  14,  952,  -46,  13,  11,  16,  17,  -45
3827862, 1710499379, "2024/3/15 10:42:59",  -61,  -210,  1061,  -9,  27,  11,  21,  20,  -42
3828062, 1710499379, "2024/3/15 10:42:59",  -158,  -72,  1019,  39,  3,  12,  24,  15,  -39
3828262, 1710499379, "2024/3/15 10:42:59",  -127,  125,  925,  18,  -32,  12,  22,  10,  -41
3828462, 1710499379, "2024/3/15 10:42:59",  77,  89,  932,  -37,  -28,  10,  17,  11,  -43
3828662, 1710499380, "2024/3/15 10:43:0",  85,  -273,  1028,  -12,  34,  8,  16,  15,  -44
3828862, 1710499380, "2024/3/15 10:43:0",  -181,  -113,  980,  68,  17,  8,  21,  11,  -42
3829062, 1710499380, "2024/3/15 10:43:0",  -163,  389,  914,  9,  -29,  5,  17,  4,  -38
3829262, 1710499380, "2024/3/15 10:43:0",  102,  226,  788,  -123,  -17,  -1,  14,  11,  -44
3829462, 1710499380, "2024/3/15 10:43:0",  40,  -661,  1049,  -48,  35,  -8,  18,  28,  -44
3829662, 1710499381, "2024/3/15 10:43:1",  -210,  -309,  959,  154,  12,  -3,  21,  20,  -42
3829862, 1710499381, "2024/3/15 10:43:1",  -132,  609,  980,  76,  -33,  -6,  21,  2,  -38
3830062, 1710499381, "2024/3/15 10:43:1",  77,  340,  908,  -123,  -16,  -16,  18,  6,  -41
3830262, 1710499381, "2024/3/15 10:43:1",  123,  -577,  1049,  -76,  34,  -20,  19,  27,  -42
3830462, 1710499381, "2024/3/15 10:43:1",  -83,  -419,  945,  119,  57,  -22,  24,  27,  -40
3830662, 1710499382, "2024/3/15 10:43:2",  -378,  395,  829,  92,  -7,  -24,  29,  13,  -34
3830862, 1710499382, "2024/3/15 10:43:2",  -171,  433,  765,  -72,  -84,  -29,  23,  17,  -37
3831062, 1710499382, "2024/3/15 10:43:2",  149,  -213,  829,  -104,  -64,  -37,  15,  32,  -45
3831262, 1710499382, "2024/3/15 10:43:2",  297,  -356,  976,  19,  28,  -39,  10,  41,  -43
3831462, 1710499382, "2024/3/15 10:43:2",  -26,  37,  880,  45,  98,  -42,  17,  39,  -40
3831662, 1710499383, "2024/3/15 10:43:3",  -409,  150,  1048,  -28,  24,  -39,  25,  39,  -37
3831862, 1710499383, "2024/3/15 10:43:3",  -203,  -223,  962,  -14,  -67,  -34,  20,  47,  -37
3832062, 1710499383, "2024/3/15 10:43:3",  149,  -80,  845,  51,  -61,  -29,  9,  43,  -40
3832262, 1710499383, "2024/3/15 10:43:3",  245,  279,  1003,  4,  39,  -31,  7,  40,  -43
3832462, 1710499383, "2024/3/15 10:43:3",  -157,  -9,  1047,  -83,  62,  -30,  10,  48,  -39
3832662, 1710499384, "2024/3/15 10:43:4",  -227,  -431,  979,  7,  -1,  -24,  14,  54,  -30
3832862, 1710499384, "2024/3/15 10:43:4",  -122,  -11,  772,  79,  -46,  -19,  7,  49,  -38
3833062, 1710499384, "2024/3/15 10:43:4",  60,  243,  869,  21,  -37,  -18,  0,  42,  -44
3833262, 1710499384, "2024/3/15 10:43:4",  181,  73,  1115,  -42,  34,  -20,  -3,  44,  -42
3833462, 1710499384, "2024/3/15 10:43:4",  -98,  -163,  1245,  -40,  54,  -22,  5,  52,  -38
3833662, 1710499385, "2024/3/15 10:43:5",  -331,  -180,  1103,  20,  -9,  -16,  6,  53,  -35
3833862, 1710499385, "2024/3/15 10:43:5",  -16,  47,  894,  32,  -63,  -12,  -1,  49,  -39
3834062, 1710499385, "2024/3/15 10:43:5",  265,  96,  1021,  -5,  23,  -14,  -6,  47,  -40
3834262, 1710499385, "2024/3/15 10:43:5",  -56,  -105,  1082,  -23,  60,  -18,  0,  48,  -38
3834462, 1710499385, "2024/3/15 10:43:5",  -304,  -116,  1053,  20,  18,  -10,  3,  48,  -38
3834662, 1710499386, "2024/3/15 10:43:6",  -77,  147,  983,  0,  -47,  -10,  1,  48,  -42
3834862, 1710499386, "2024/3/15 10:43:6",  144,  49,  990,  -54,  -1,  -12,  -4,  50,  -38
3835062, 1710499386, "2024/3/15 10:43:6",  -122,  -307,  937,  -16,  11,  -12,  -3,  56,  -33
3835262, 1710499386, "2024/3/15 10:43:6",  -80,  -271,  788,  88,  -18,  -8,  -7,  51,  -35
3835462, 1710499386, "2024/3/15 10:43:6",  30,  321,  926,  79,  -11,  -2,  -8,  38,  -46
3835662, 1710499387, "2024/3/15 10:43:7",  10,  414,  1048,  -90,  15,  -10,  -9,  35,  -43
3835862, 1710499387, "2024/3/15 10:43:7",  -191,  -342,  859,  -104,  -7,  -9,  -6,  54,  -33
3836062, 1710499387, "2024/3/15 10:43:7",  41,  -488,  768,  52,  -25,  -8,  -11,  54,  -29
3836262, 1710499387, "2024/3/15 10:43:7",  24,  94,  845,  118,  13,  -2,  -11,  47,  -39
3836462, 1710499387, "2024/3/15 10:43:7",  -51,  451,  1104,  -11,  17,  -9,  -10,  35,  -45
3836662, 1710499388, "2024/3/15 10:43:8",  -220,  -34,  1008,  -97,  -2,  -11,  -8,  46,  -40
3836862, 1710499388, "2024/3/15 10:43:8",  15,  -371,  1001,  -21,  -45,  -11,  -12,  54,  -32
3837062, 1710499388, "2024/3/15 10:43:8",  131,  -103,  957,  64,  20,  -8,  -16,  49,  -35
3837262, 1710499388, "2024/3/15 10:43:8",  -24,  195,  938,  17,  36,  -13,  -12,  43,  -40
3837462, 1710499388, "2024/3/15 10:43:8",  -212,  17,  1001,  -33,  25,  -12,  -10,  43,  -40
3837662, 1710499389, "2024/3/15 10:43:9",  -196,  -175,  1111,  -9,  -55,  -12,  -10,  47,  -39
3837862, 1710499389, "2024/3/15 10:43:9",  149,  -39,  1049,  24,  -25,  -7,  -17,  45,  -37
3838062, 1710499389, "2024/3/15 10:43:9",  43,  -11,  867,  16,  19,  -9,  -19,  41,  -39
3838262, 1710499389, "2024/3/15 10:43:9",  0,  13,  968,  12,  38,  -8,  -15,  41,  -40
3838462, 1710499389, "2024/3/15 10:43:9",  -216,  212,  1305,  -38,  14,  -9,  -9,  39,  -44
3838662, 1710499390, "2024/3/15 10:43:10",  -35,  -138,  1187,  -76,  -11,  -10,  -12,  50,  -37
3838862, 1710499390, "2024/3/15 10:43:10",  -98,  -374,  816,  22,  -16,  -7,  -14,  52,  -33
3839062, 1710499390, "2024/3/15 10:43:10",  21,  -62,  778,  98,  -21,  -3,  -16,  45,  -37
3839262, 1710499390, "2024/3/15 10:43:10",  101,  441,  1081,  8,  23,  -4,  -17,  34,  -41
3839462, 1710499390, "2024/3/15 10:43:10",  -46,  -30,  1011,  -93,  47,  -7,  -11,  44,  -39
3839662, 1710499391, "2024/3/15 10:43:11",  -261,  -395,  914,  -6,  5,  -1,  -7,  52,  -36
3839862, 1710499391, "2024/3/15 10:43:11",  -141,  -62,  903,  71,  -59,  4,  -11,  45,  -38
3840062, 1710499391, "2024/3/15 10:43:11",  126,  340,  1101,  0,  -36,  4,  -19,  38,  -41
3840262, 1710499391, "2024/3/15 10:43:11",  170,  -7,  1003,  -81,  33,  -1,  -18,  43,  -36
3840462, 1710499391, "2024/3/15 10:43:11",  -164,  -362,  783,  -11,  54,  3,  -11,  53,  -32
3840662, 1710499392, "2024/3/15 10:43:12",  -301,  -234,  704,  91,  -35,  6,  -10,  48,  -40
3840862, 1710499392, "2024/3/15 10:43:12",  41,  217,  835,  82,  -56,  12,  -18,  35,  -40
3841062, 1710499392, "2024/3/15 10:43:12",  170,  302,  953,  -41,  -6,  9,  -22,  29,  -41
3841262, 1710499392, "2024/3/15 10:43:12",  19,  -129,  835,  -72,  49,  10,  -17,  41,  -36
3841462, 1710499392, "2024/3/15 10:43:12",  -294,  -301,  1030,  11,  17,  11,  -12,  47,  -39
3841662, 1710499393, "2024/3/15 10:43:13",  -104,  135,  1245,  34,  -59,  18,  -16,  43,  -38
3841862, 1710499393, "2024/3/15 10:43:13",  140,  104,  1090,  -44,  -20,  13,  -17,  43,  -36
3842062, 1710499393, "2024/3/15 10:43:13",  108,  -285,  827,  -11,  35,  12,  -16,  50,  -32
3842262, 1710499393, "2024/3/15 10:43:13",  -153,  -55,  950,  60,  48,  14,  -10,  46,  -39
3842462, 1710499393, "2024/3/15 10:43:13",  -234,  327,  1182,  -16,  -27,  9,  -7,  43,  -43
3842662, 1710499394, "2024/3/15 10:43:14",  34,  -88,  1019,  -79,  -26,  7,  -9,  49,  -35
3842862, 1710499394, "2024/3/15 10:43:14",  122,  -437,  916,  17,  18,  0,  -10,  54,  -30
3843062, 1710499394, "2024/3/15 10:43:14",  -122,  -35,  937,  107,  35,  1,  -5,  47,  -40
3843262, 1710499394, "2024/3/15 10:43:14",  -241,  502,  1167,  -4,  -21,  0,  -5,  36,  -45
3843462, 1710499394, "2024/3/15 10:43:14",  83,  9,  1008,  -117,  -33,  -9,  -10,  46,  -39
3843662, 1710499395, "2024/3/15 10:43:15",  208,  -472,  971,  -23,  46,  -11,  -11,  55,  -28
3843862, 1710499395, "2024/3/15 10:43:15",  -165,  -156,  846,  82,  60,  -17,  -6,  52,  -36
3844062, 1710499395, "2024/3/15 10:43:15",  -377,  220,  954,  49,  -18,  -14,  -5,  42,  -43
3844262, 1710499395, "2024/3/15 10:43:15",  -80,  90,  964,  -24,  -82,  -10,  -12,  40,  -42
3844462, 1710499395, "2024/3/15 10:43:15",  327,  -169,  1013,  -7,  -23,  -13,  -23,  42,  -35
3844662, 1710499396, "2024/3/15 10:43:16",  100,  42,  958,  8,  83,  -13,  -18,  41,  -38
3844862, 1710499396, "2024/3/15 10:43:16",  -400,  43,  1047,  -31,  17,  -13,  -9,  41,  -40
3845062, 1710499396, "2024/3/15 10:43:16",  -152,  -122,  979,  -19,  -54,  -6,  -15,  44,  -38
3845262, 1710499396, "2024/3/15 10:43:16",  219,  -215,  844,  30,  -33,  -7,  -19,  44,  -34
3845462, 1710499396, "2024/3/15 10:43:16",  146,  70,  806,  55,  55,  -9,  -22,  36,  -40
3845662, 1710499397, "2024/3/15 10:43:17",  -351,  264,  1061,  -37,  27,  -11,  -13,  35,  -44
3845862, 1710499397, "2024/3/15 10:43:17",  -227,  -198,  1049,  -54,  -63,  -7,  -15,  42,  -39
3846062, 1710499397, "2024/3/15 10:43:17",  147,  -250,  898,  31,  -59,  -6,  -23,  44,  -32
3846262, 1710499397, "2024/3/15 10:43:17",  280,  58,  871,  53,  41,  -8,  -27,  37,  -33
3846462, 1710499397, "2024/3/15 10:43:17",  -124,  168,  918,  -7,  82,  -12,  -17,  31,  -42
3846662, 1710499398, "2024/3/15 10:43:18",  -419,  18,  1018,  -52,  -18,  -10,  -13,  38,  -42
3846862, 1710499398, "2024/3/15 10:43:18",  -59,  -220,  964,  -21,  -79,  -2,  -20,  43,  -34
3847062, 1710499398, "2024/3/15 10:43:18",  307,  -224,  952,  59,  -19,  -4,  -27,  41,  -31
3847262, 1710499398, "2024/3/15 10:43:18",  75,  230,  936,  45,  75,  -8,  -24,  33,  -38
3847462, 1710499398, "2024/3/15 10:43:18",  -396,  134,  1013,  -55,  19,  -8,  -17,  34,  -43
3847662, 1710499399, "2024/3/15 10:43:19",  -94,  -291,  958,  -19,  -58,  -3,  -20,  41,  -37
3847862, 1710499399, "2024/3/15 10:43:19",  226,  -50,  986,  44,  -12,  -1,  -24,  39,  -35
3848062, 1710499399, "2024/3/15 10:43:19",  55,  170,  1013,  -4,  57,  -7,  -21,  35,  -39
3848262, 1710499399, "2024/3/15 10:43:19",  -374,  -64,  1013,  -36,  18,  -1,  -14,  39,  -41
3848462, 1710499399, "2024/3/15 10:43:19",  -62,  -177,  994,  7,  -69,  1,  -20,  43,  -38
3848662, 1710499400, "2024/3/15 10:43:20",  311,  19,  1040,  26,  24,  3,  -21,  39,  -36
3848862, 1710499400, "2024/3/15 10:43:20",  -132,  59,  955,  -9,  57,  -2,  -16,  37,  -40
3849062, 1710499400, "2024/3/15 10:43:20",  -357,  -43,  1035,  -11,  -16,  7,  -11,  40,  -40
3849262, 1710499400, "2024/3/15 10:43:20",  -6,  -52,  1066,  -8,  -70,  8,  -19,  39,  -40
3849462, 1710499400, "2024/3/15 10:43:20",  288,  -65,  1110,  1,  5,  6,  -21,  41,  -36
3849662, 1710499401, "2024/3/15 10:43:21",  -64,  -33,  999,  8,  70,  6,  -15,  43,  -41
3849862, 1710499401, "2024/3/15 10:43:21",  -297,  22,  1031,  3,  -4,  5,  -11,  42,  -41
3850062, 1710499401, "2024/3/15 10:43:21",  -59,  48,  1069,  -18,  -39,  10,  -13,  42,  -39
3850262, 1710499401, "2024/3/15 10:43:21",  234,  -108,  1043,  -25,  1,  6,  -15,  46,  -36
3850462, 1710499401, "2024/3/15 10:43:21",  19,  -136,  867,  16,  79,  5,  -12,  49,  -38
3850662, 1710499402, "2024/3/15 10:43:22",  -496,  -25,  902,  30,  -10,  5,  -2,  44,  -40
3850862, 1710499402, "2024/3/15 10:43:22",  -62,  113,  987,  12,  -102,  12,  -13,  41,  -40
3851062, 1710499402, "2024/3/15 10:43:22",  413,  90,  1176,  -53,  -1,  11,  -19,  44,  -37
3851262, 1710499402, "2024/3/15 10:43:22",  60,  -182,  932,  -42,  96,  7,  -12,  52,  -35
3851462, 1710499402, "2024/3/15 10:43:22",  -481,  -191,  765,  28,  28,  15,  -2,  54,  -35
3851662, 1710499403, "2024/3/15 10:43:23",  -249,  -100,  675,  64,  -108,  18,  -6,  48,  -39
3851862, 1710499403, "2024/3/15 10:43:23",  216,  149,  860,  37,  -73,  26,  -18,  39,  -39
3852062, 1710499403, "2024/3/15 10:43:23",  304,  83,  938,  -35,  35,  21,  -20,  39,  -36
3852262, 1710499403, "2024/3/15 10:43:23",  -105,  -167,  787,  -12,  87,  25,  -10,  47,  -39
3852462, 1710499403, "2024/3/15 10:43:23",  -462,  31,  956,  17,  -13,  26,  -1,  46,  -40
3852662, 1710499404, "2024/3/15 10:43:24",  -21,  116,  1089,  -40,  -78,  31,  -9,  47,  -39
3852862, 1710499404, "2024/3/15 10:43:24",  210,  -248,  1072,  -35,  -14,  24,  -10,  54,  -33
3853062, 1710499404, "2024/3/15 10:43:24",  58,  -199,  919,  48,  54,  24,  -5,  54,  -35
3853262, 1710499404, "2024/3/15 10:43:24",  -212,  165,  993,  45,  31,  20,  6,  46,  -40
3853462, 1710499404, "2024/3/15 10:43:24",  -104,  172,  1058,  -34,  -9,  18,  6,  47,  -43
3853662, 1710499405, "2024/3/15 10:43:25",  -160,  -155,  960,  -48,  -31,  16,  4,  52,  -36
3853862, 1710499405, "2024/3/15 10:43:25",  -46,  -254,  835,  22,  -57,  18,  1,  52,  -36
3854062, 1710499405, "2024/3/15 10:43:25",  148,  -58,  916,  65,  -12,  22,  -1,  47,  -40
3854262, 1710499405, "2024/3/15 10:43:25",  167,  296,  1148,  13,  49,  19,  1,  37,  -44
3854462, 1710499405, "2024/3/15 10:43:25",  -193,  89,  1157,  -77,  80,  17,  12,  46,  -40
3854662, 1710499406, "2024/3/15 10:43:26",  -302,  -348,  1063,  -31,  -19,  17,  18,  51,  -33
3854862, 1710499406, "2024/3/15 10:43:26",  3,  -205,  925,  67,  -37,  27,  16,  47,  -37
3855062, 1710499406, "2024/3/15 10:43:26",  97,  215,  959,  48,  -11,  27,  13,  35,  -42
3855262, 1710499406, "2024/3/15 10:43:26",  -17,  249,  945,  -48,  28,  22,  16,  34,  -43
3855462, 1710499406, "2024/3/15 10:43:26",  -211,  -180,  939,  -70,  7,  22,  20,  40,  -36
3855662, 1710499407, "2024/3/15 10:43:27",  -184,  -358,  971,  32,  -53,  25,  19,  42,  -37
3855862, 1710499407, "2024/3/15 10:43:27",  194,  75,  1011,  75,  -32,  30,  14,  32,  -43
3856062, 1710499407, "2024/3/15 10:43:27",  238,  256,  1075,  -16,  65,  28,  16,  26,  -45
3856262, 1710499407, "2024/3/15 10:43:27",  -301,  -104,  970,  -40,  73,  28,  28,  29,  -36
