millis,stamp,datetime,accX,accY,accZ,gyroX,gyroY,gyroZ,compX,compY,compZ
2961471, 1710336194, "2024/3/13 13:23:14",  1,  -58,  1005,  0,  -1,  0,  -10,  -26,  -36
2961671, 1710336194, "2024/3/13 13:23:14",  -3,  -51,  1001,  0,  0,  -1,  -9,  -27,  -36
2961871, 1710336194, "2024/3/13 13:23:14",  1,  -60,  1002,  0,  0,  -1,  -10,  -27,  -36
2962071, 1710336194, "2024/3/13 13:23:14",  6,  -58,  1003,  0,  0,  -1,  -11,  -27,  -38
2962271, 1710336195, "2024/3/13 13:23:15",  1,  -60,  1003,  0,  0,  0,  -11,  -25,  -37
2962471, 1710336195, "2024/3/13 13:23:15",  7,  -56,  1003,  0,  0,  -1,  -12,  -26,  -38
2962671, 1710336195, "2024/3/13 13:23:15",  2,  -61,  1005,  0,  0,  -1,  -10,  -27,  -37
2962871, 1710336195, "2024/3/13 13:23:15",  6,  -60,  1003,  0,  0,  -1,  -10,  -26,  -37
2963072, 1710336195, "2024/3/13 13:23:15",  4,  -61,  1004,  0,  0,  -1,  -11,  -25,  -37
2963272, 1710336196, "2024/3/13 13:23:16",  0,  -57,  1000,  0,  0,  -1,  -12,  -27,  -37
2963472, 1710336196, "2024/3/13 13:23:16",  11,  -54,  1001,  0,  0,  -1,  -10,  -27,  -38
2963672, 1710336196, "2024/3/13 13:23:16",  3,  -58,  1006,  0,  0,  -1,  -12,  -26,  -37
2963872, 1710336196, "2024/3/13 13:23:16",  6,  -59,  1003,  0,  0,  -1,  -10,  -25,  -36
2964072, 1710336196, "2024/3/13 13:23:16",  2,  -59,  1002,  0,  0,  0,  -9,  -26,  -37
2964272, 1710336197, "2024/3/13 13:23:17",  4,  -60,  1002,  0,  0,  -1,  -11,  -26,  -37
2964472, 1710336197, "2024/3/13 13:23:17",  7,  -55,  1005,  0,  0,  -1,  -13,  -27,  -38
2964672, 1710336197, "2024/3/13 13:23:17",  2,  -64,  1000,  0,  -1,  -1,  -11,  -26,  -37
2964872, 1710336197, "2024/3/13 13:23:17",  3,  -58,  1004,  0,  0,  0,  -10,  -25,  -37
2965072, 1710336197, "2024/3/13 13:23:17",  0,  -55,  1003,  0,  0,  -1,  -12,  -27,  -37
2965272, 1710336198, "2024/3/13 13:23:18",  2,  -60,  1000,  0,  0,  0,  -9,  -28,  -36
2965472, 1710336198, "2024/3/13 13:23:18",  8,  -55,  1005,  0,  0,  0,  -10,  -26,  -36
2965672, 1710336198, "2024/3/13 13:23:18",  5,  -58,  1002,  0,  0,  -1,  -10,  -26,  -36
2965872, 1710336198, "2024/3/13 13:23:18",  6,  -62,  1000,  0,  0,  -1,  -11,  -25,  -37
2966072, 1710336198, "2024/3/13 13:23:18",  3,  -61,  1002,  0,  0,  -1,  -11,  -24,  -37
2966272, 1710336199, "2024/3/13 13:23:19",  5,  -59,  1003,  0,  0,  -1,  -11,  -27,  -37
2966472, 1710336199, "2024/3/13 13:23:19",  4,  -53,  1003,  0,  0,  0,  -11,  -28,  -37
2966672, 1710336199, "2024/3/13 13:23:19",  5,  -54,  1002,  0,  0,  0,  -11,  -26,  -36
2966872, 1710336199, "2024/3/13 13:23:19",  9,  -56,  1002,  0,  0,  -1,  -10,  -26,  -37
2967072, 1710336199, "2024/3/13 13:23:19",  8,  -53,  1005,  0,  0,  0,  -11,  -26,  -37
2967272, 1710336200, "2024/3/13 13:23:20",  3,  -61,  1004,  0,  0,  -1,  -10,  -27,  -37
2967472, 1710336200, "2024/3/13 13:23:20",  7,  -64,  1000,  0,  0,  -1,  -10,  -26,  -38
2967672, 1710336200, "2024/3/13 13:23:20",  5,  -61,  1005,  0,  0,  -1,  -10,  -27,  -38
2967872, 1710336200, "2024/3/13 13:23:20",  6,  -56,  1004,  0,  0,  -1,  -11,  -26,  -38
2968072, 1710336200, "2024/3/13 13:23:20",  0,  -55,  1004,  0,  0,  -1,  -11,  -25,  -36
2968272, 1710336201, "2024/3/13 13:23:21",  4,  -56,  1001,  0,  0,  0,  -11,  -27,  -37
2968472, 1710336201, "2024/3/13 13:23:21",  2,  -58,  1002,  0,  0,  -1,  -10,  -26,  -38
2968672, 1710336201, "2024/3/13 13:23:21",  3,  -57,  1004,  0,  -1,  -1,  -9,  -25,  -37
2968872, 1710336201, "2024/3/13 13:23:21",  5,  -63,  1000,  0,  0,  0,  -12,  -26,  -37
2969072, 1710336201, "2024/3/13 13:23:21",  4,  -59,  999,  0,  0,  0,  -11,  -26,  -37
2969272, 1710336202, "2024/3/13 13:23:22",  4,  -55,  1004,  0,  0,  0,  -12,  -25,  -37
2969472, 1710336202, "2024/3/13 13:23:22",  5,  -59,  1003,  0,  0,  0,  -12,  -27,  -36
2969672, 1710336202, "2024/3/13 13:23:22",  2,  -61,  1003,  0,  0,  0,  -12,  -26,  -36
2969872, 1710336202, "2024/3/13 13:23:22",  7,  -59,  1006,  0,  0,  0,  -9,  -25,  -37
2970072, 1710336202, "2024/3/13 13:23:22",  6,  -65,  1001,  0,  0,  -1,  -10,  -25,  -37
2970272, 1710336203, "2024/3/13 13:23:23",  5,  -62,  1000,  0,  0,  -1,  -12,  -27,  -36
2970472, 1710336203, "2024/3/13 13:23:23",  2,  -56,  1003,  0,  0,  -1,  -12,  -26,  -36
2970672, 1710336203, "2024/3/13 13:23:23",  9,  -61,  1005,  0,  0,  0,  -11,  -26,  -36
2970872, 1710336203, "2024/3/13 13:23:23",  2,  -62,  1003,  0,  0,  -1,  -11,  -25,  -36
2971072, 1710336203, "2024/3/13 13:23:23",  0,  -61,  1005,  0,  0,  0,  -10,  -26,  -37
2971272, 1710336204, "2024/3/13 13:23:24",  4,  -57,  1002,  0,  0,  -1,  -13,  -26,  -37
2971472, 1710336204, "2024/3/13 13:23:24",  1,  -53,  1001,  0,  0,  -1,  -9,  -27,  -37
2971672, 1710336204, "2024/3/13 13:23:24",  5,  -60,  1002,  0,  0,  0,  -10,  -27,  -37
2971872, 1710336204, "2024/3/13 13:23:24",  3,  -56,  1004,  0,  0,  -1,  -10,  -27,  -37
2972072, 1710336204, "2024/3/13 13:23:24",  5,  -61,  1005,  0,  0,  -1,  -9,  -26,  -36
2972272, 1710336205, "2024/3/13 13:23:25",  6,  -55,  1004,  0,  0,  0,  -11,  -26,  -37
2972472, 1710336205, "2024/3/13 13:23:25",  3,  -59,  1002,  0,  0,  0,  -10,  -27,  -36
2972672, 1710336205, "2024/3/13 13:23:25",  4,  -58,  1000,  0,  0,  -1,  -12,  -27,  -36
2972872, 1710336205, "2024/3/13 13:23:25",  2,  -60,  1003,  0,  0,  -1,  -11,  -26,  -37
2973072, 1710336205, "2024/3/13 13:23:25",  3,  -57,  1003,  0,  0,  -1,  -11,  -27,  -37
2973272, 1710336206, "2024/3/13 13:23:26",  9,  -56,  1006,  0,  0,  0,  -10,  -26,  -38
2973472, 1710336206, "2024/3/13 13:23:26",  8,  -57,  1001,  0,  0,  -1,  -11,  -26,  -37
2973672, 1710336206, "2024/3/13 13:23:26",  7,  -57,  1004,  0,  0,  0,  -10,  -27,  -37
2973872, 1710336206, "2024/3/13 13:23:26",  3,  -60,  1004,  0,  -1,  -1,  -11,  -27,  -37
2974072, 1710336206, "2024/3/13 13:23:26",  5,  -56,  1002,  0,  0,  0,  -11,  -27,  -37
2974272, 1710336207, "2024/3/13 13:23:27",  0,  -58,  1006,  0,  0,  -1,  -11,  -27,  -36
2974472, 1710336207, "2024/3/13 13:23:27",  4,  -57,  1004,  0,  -1,  0,  -10,  -27,  -37
2974672, 1710336207, "2024/3/13 13:23:27",  5,  -56,  1003,  0,  0,  0,  -10,  -27,  -36
2974872, 1710336207, "2024/3/13 13:23:27",  3,  -65,  1003,  0,  0,  0,  -10,  -26,  -37
2975072, 1710336207, "2024/3/13 13:23:27",  7,  -57,  1004,  0,  0,  0,  -9,  -26,  -36
2975272, 1710336208, "2024/3/13 13:23:28",  3,  -65,  1002,  0,  0,  -1,  -11,  -27,  -38
2975472, 1710336208, "2024/3/13 13:23:28",  3,  -53,  1002,  0,  0,  -1,  -13,  -27,  -36
2975672, 1710336208, "2024/3/13 13:23:28",  3,  -56,  1003,  0,  0,  0,  -10,  -27,  -37
2975872, 1710336208, "2024/3/13 13:23:28",  3,  -58,  1000,  0,  0,  0,  -11,  -25,  -36
2976072, 1710336208, "2024/3/13 13:23:28",  1,  -59,  1005,  0,  0,  -1,  -11,  -27,  -36
2976272, 1710336209, "2024/3/13 13:23:29",  2,  -60,  1005,  0,  0,  -1,  -10,  -26,  -36
2976472, 1710336209, "2024/3/13 13:23:29",  7,  -57,  1000,  0,  -1,  -1,  -10,  -27,  -34
2976672, 1710336209, "2024/3/13 13:23:29",  6,  -54,  1003,  0,  0,  -1,  -10,  -26,  -34
2976872, 1710336209, "2024/3/13 13:23:29",  6,  -54,  1001,  0,  0,  -1,  -11,  -26,  -36
2977072, 1710336209, "2024/3/13 13:23:29",  7,  -61,  1001,  0,  -1,  -1,  -9,  -26,  -34
2977272, 1710336210, "2024/3/13 13:23:30",  3,  -55,  1002,  0,  0,  0,  -10,  -26,  -35
2977472, 1710336210, "2024/3/13 13:23:30",  5,  -63,  1001,  0,  0,  -1,  -9,  -29,  -33
2977672, 1710336210, "2024/3/13 13:23:30",  4,  -58,  1005,  0,  -1,  -1,  -10,  -27,  -33
2977872, 1710336210, "2024/3/13 13:23:30",  0,  -58,  1006,  0,  -1,  -1,  -11,  -27,  -33
2978072, 1710336210, "2024/3/13 13:23:30",  8,  -60,  1000,  0,  0,  -1,  -10,  -27,  -34
2978272, 1710336211, "2024/3/13 13:23:31",  5,  -53,  1002,  0,  0,  -1,  -10,  -27,  -33
2978472, 1710336211, "2024/3/13 13:23:31",  6,  -56,  1004,  0,  0,  0,  -9,  -26,  -33
2978672, 1710336211, "2024/3/13 13:23:31",  5,  -57,  1003,  0,  0,  0,  -8,  -28,  -33
2978872, 1710336211, "2024/3/13 13:23:31",  7,  -65,  1001,  0,  0,  0,  -10,  -28,  -34
2979072, 1710336211, "2024/3/13 13:23:31",  7,  -55,  1002,  0,  0,  -1,  -10,  -26,  -34
2979272, 1710336212, "2024/3/13 13:23:32",  1,  -61,  1003,  0,  0,  -1,  -8,  -26,  -32
2979472, 1710336212, "2024/3/13 13:23:32",  5,  -57,  1002,  0,  -1,  -1,  -9,  -28,  -36
2979672, 1710336212, "2024/3/13 13:23:32",  1,  -51,  1001,  0,  0,  -1,  -10,  -28,  -36
2979872, 1710336212, "2024/3/13 13:23:32",  5,  -59,  1004,  0,  0,  -1,  -9,  -27,  -34
2980072, 1710336212, "2024/3/13 13:23:32",  6,  -58,  1003,  0,  0,  -1,  -10,  -27,  -34
2980272, 1710336213, "2024/3/13 13:23:33",  3,  -59,  1003,  0,  0,  0,  -9,  -27,  -34
2980472, 1710336213, "2024/3/13 13:23:33",  7,  -60,  1005,  0,  0,  0,  -8,  -26,  -34
2980672, 1710336213, "2024/3/13 13:23:33",  2,  -62,  1003,  0,  0,  -1,  -10,  -28,  -34
2980872, 1710336213, "2024/3/13 13:23:33",  3,  -57,  1001,  0,  0,  -1,  -9,  -26,  -33
2981072, 1710336213, "2024/3/13 13:23:33",  5,  -62,  1002,  0,  0,  -1,  -10,  -27,  -34
2981272, 1710336214, "2024/3/13 13:23:34",  4,  -55,  1002,  0,  0,  0,  -10,  -25,  -36
2981472, 1710336214, "2024/3/13 13:23:34",  1,  -62,  1001,  0,  0,  0,  -10,  -27,  -32
2981672, 1710336214, "2024/3/13 13:23:34",  6,  -56,  1004,  0,  0,  0,  -9,  -26,  -34
2981872, 1710336214, "2024/3/13 13:23:34",  1,  -59,  1004,  0,  0,  -1,  -9,  -28,  -33
2982072, 1710336214, "2024/3/13 13:23:34",  3,  -59,  1002,  0,  0,  0,  -8,  -27,  -34
2982272, 1710336215, "2024/3/13 13:23:35",  6,  -56,  1003,  0,  -1,  -1,  -12,  -27,  -33
2982472, 1710336215, "2024/3/13 13:23:35",  4,  -53,  1001,  0,  0,  -1,  -9,  -27,  -35
2982672, 1710336215, "2024/3/13 13:23:35",  4,  -54,  1002,  0,  0,  -1,  -10,  -27,  -33
2982872, 1710336215, "2024/3/13 13:23:35",  3,  -59,  1001,  0,  0,  -1,  -9,  -25,  -33
2983072, 1710336215, "2024/3/13 13:23:35",  2,  -59,  1004,  0,  0,  -1,  -11,  -27,  -34
2983272, 1710336216, "2024/3/13 13:23:36",  4,  -58,  1006,  0,  0,  -1,  -10,  -26,  -35
2983472, 1710336216, "2024/3/13 13:23:36",  6,  -60,  1003,  0,  0,  -1,  -11,  -27,  -34
2983672, 1710336216, "2024/3/13 13:23:36",  7,  -57,  1005,  0,  0,  -1,  -11,  -26,  -35
2983872, 1710336216, "2024/3/13 13:23:36",  5,  -54,  1003,  0,  0,  0,  -11,  -26,  -34
2984072, 1710336216, "2024/3/13 13:23:36",  6,  -56,  1002,  0,  0,  0,  -11,  -28,  -35
2984272, 1710336217, "2024/3/13 13:23:37",  7,  -63,  1003,  0,  0,  -1,  -9,  -27,  -34
2984472, 1710336217, "2024/3/13 13:23:37",  8,  -56,  1002,  0,  -1,  -1,  -9,  -26,  -34
2984672, 1710336217, "2024/3/13 13:23:37",  6,  -58,  1004,  0,  0,  -1,  -10,  -27,  -35
2984872, 1710336217, "2024/3/13 13:23:37",  3,  -53,  1003,  0,  0,  -1,  -9,  -27,  -34
2985072, 1710336217, "2024/3/13 13:23:37",  4,  -55,  1001,  0,  0,  -1,  -11,  -28,  -35
2985272, 1710336218, "2024/3/13 13:23:38",  3,  -59,  1003,  0,  -1,  -1,  -10,  -28,  -35
2985472, 1710336218, "2024/3/13 13:23:38",  2,  -58,  1004,  0,  0,  0,  -9,  -26,  -33
2985672, 1710336218, "2024/3/13 13:23:38",  3,  -58,  1004,  0,  0,  0,  -9,  -26,  -34
2985872, 1710336218, "2024/3/13 13:23:38",  4,  -53,  1004,  0,  0,  0,  -10,  -27,  -35
2986072, 1710336218, "2024/3/13 13:23:38",  2,  -60,  1004,  0,  0,  -1,  -9,  -25,  -34
2986272, 1710336219, "2024/3/13 13:23:39",  4,  -59,  1000,  0,  0,  -1,  -10,  -27,  -34
2986472, 1710336219, "2024/3/13 13:23:39",  7,  -61,  1004,  0,  0,  0,  -9,  -26,  -34
2986672, 1710336219, "2024/3/13 13:23:39",  4,  -60,  1003,  0,  0,  0,  -9,  -27,  -34
2986872, 1710336219, "2024/3/13 13:23:39",  5,  -53,  1006,  0,  0,  -1,  -10,  -28,  -33
2987072, 1710336219, "2024/3/13 13:23:39",  4,  -56,  1001,  0,  0,  -1,  -11,  -28,  -34
2987272, 1710336220, "2024/3/13 13:23:40",  2,  -59,  1004,  0,  0,  -1,  -10,  -28,  -34
2987472, 1710336220, "2024/3/13 13:23:40",  5,  -59,  999,  0,  0,  -1,  -10,  -27,  -34
2987672, 1710336220, "2024/3/13 13:23:40",  5,  -59,  1004,  0,  0,  -1,  -11,  -27,  -35
2987872, 1710336220, "2024/3/13 13:23:40",  4,  -56,  1004,  0,  0,  0,  -10,  -27,  -33
2988072, 1710336220, "2024/3/13 13:23:40",  5,  -54,  1003,  0,  0,  0,  -9,  -27,  -34
2988272, 1710336221, "2024/3/13 13:23:41",  -1,  -57,  1006,  0,  -1,  0,  -11,  -26,  -35
2988472, 1710336221, "2024/3/13 13:23:41",  3,  -62,  1003,  0,  -1,  -1,  -9,  -27,  -35
2988672, 1710336221, "2024/3/13 13:23:41",  3,  -61,  1005,  0,  0,  0,  -10,  -28,  -34
2988872, 1710336221, "2024/3/13 13:23:41",  5,  -56,  1005,  0,  0,  -1,  -9,  -25,  -34
2989072, 1710336221, "2024/3/13 13:23:41",  4,  -61,  1002,  0,  0,  -1,  -11,  -27,  -34
2989272, 1710336222, "2024/3/13 13:23:42",  6,  -55,  1002,  0,  0,  -1,  -10,  -28,  -35
2989472, 1710336222, "2024/3/13 13:23:42",  5,  -54,  1004,  0,  0,  -1,  -10,  -27,  -36
2989672, 1710336222, "2024/3/13 13:23:42",  5,  -53,  1003,  0,  0,  0,  -10,  -26,  -35
2989872, 1710336222, "2024/3/13 13:23:42",  2,  -63,  1002,  0,  0,  0,  -11,  -26,  -35
2990072, 1710336222, "2024/3/13 13:23:42",  9,  -59,  1003,  0,  0,  -1,  -10,  -27,  -34
2990272, 1710336223, "2024/3/13 13:23:43",  5,  -61,  1004,  0,  0,  -1,  -11,  -27,  -35
2990472, 1710336223, "2024/3/13 13:23:43",  0,  -58,  1000,  0,  0,  0,  -8,  -26,  -35
2990672, 1710336223, "2024/3/13 13:23:43",  6,  -59,  1002,  0,  0,  -1,  -10,  -26,  -36
2990872, 1710336223, "2024/3/13 13:23:43",  4,  -59,  1000,  0,  -1,  -1,  -11,  -24,  -35
2991072, 1710336223, "2024/3/13 13:23:43",  5,  -60,  1004,  0,  -1,  0,  -9,  -26,  -35
2991272, 1710336224, "2024/3/13 13:23:44",  6,  -56,  1001,  0,  0,  -1,  -11,  -25,  -35
2991472, 1710336224, "2024/3/13 13:23:44",  2,  -54,  1001,  0,  0,  -1,  -10,  -26,  -36
2991672, 1710336224, "2024/3/13 13:23:44",  1,  -54,  1002,  0,  0,  0,  -9,  -26,  -36
2991872, 1710336224, "2024/3/13 13:23:44",  6,  -58,  1003,  0,  0,  -1,  -8,  -25,  -35
2992072, 1710336224, "2024/3/13 13:23:44",  3,  -59,  1004,  0,  0,  -1,  -10,  -27,  -35
2992272, 1710336225, "2024/3/13 13:23:45",  4,  -59,  1001,  0,  0,  -1,  -10,  -27,  -36
2992472, 1710336225, "2024/3/13 13:23:45",  4,  -61,  1007,  0,  0,  0,  -11,  -28,  -34
2992672, 1710336225, "2024/3/13 13:23:45",  5,  -57,  1006,  0,  -1,  -1,  -9,  -27,  -33
2992872, 1710336225, "2024/3/13 13:23:45",  4,  -59,  1006,  0,  0,  -1,  -10,  -27,  -35
2993072, 1710336225, "2024/3/13 13:23:45",  6,  -65,  1002,  0,  -1,  -1,  -10,  -26,  -34
2993272, 1710336226, "2024/3/13 13:23:46",  8,  -57,  1001,  0,  0,  0,  -10,  -26,  -35
2993472, 1710336226, "2024/3/13 13:23:46",  3,  -53,  1003,  0,  0,  0,  -10,  -27,  -34
2993672, 1710336226, "2024/3/13 13:23:46",  3,  -57,  1001,  0,  -1,  0,  -11,  -26,  -34
2993872, 1710336226, "2024/3/13 13:23:46",  1,  -55,  1003,  0,  0,  0,  -9,  -27,  -36
2994072, 1710336226, "2024/3/13 13:23:46",  9,  -56,  1002,  0,  0,  -1,  -9,  -27,  -34
2994272, 1710336227, "2024/3/13 13:23:47",  7,  -57,  1002,  0,  0,  0,  -9,  -27,  -34
2994472, 1710336227, "2024/3/13 13:23:47",  2,  -57,  1003,  0,  0,  -1,  -9,  -28,  -36
2994672, 1710336227, "2024/3/13 13:23:47",  2,  -56,  1008,  0,  0,  -1,  -10,  -28,  -35
2994872, 1710336227, "2024/3/13 13:23:47",  6,  -63,  1008,  0,  -1,  -1,  -10,  -28,  -34
2995072, 1710336227, "2024/3/13 13:23:47",  8,  -60,  1003,  0,  0,  -1,  -9,  -28,  -33
2995272, 1710336228, "2024/3/13 13:23:48",  1,  -59,  1000,  0,  0,  0,  -9,  -27,  -34
2995472, 1710336228, "2024/3/13 13:23:48",  8,  -58,  1002,  0,  0,  -1,  -9,  -27,  -36
2995672, 1710336228, "2024/3/13 13:23:48",  5,  -60,  1003,  0,  0,  0,  -10,  -26,  -33
2995872, 1710336228, "2024/3/13 13:23:48",  7,  -57,  1001,  0,  0,  0,  -10,  -25,  -36
2996072, 1710336228, "2024/3/13 13:23:48",  5,  -61,  1004,  0,  -1,  -1,  -9,  -26,  -35
2996272, 1710336229, "2024/3/13 13:23:49",  4,  -54,  1000,  0,  0,  -1,  -8,  -27,  -33
2996472, 1710336229, "2024/3/13 13:23:49",  5,  -59,  1000,  0,  0,  0,  -10,  -27,  -34
2996672, 1710336229, "2024/3/13 13:23:49",  7,  -59,  1003,  0,  -1,  0,  -10,  -26,  -34
2996872, 1710336229, "2024/3/13 13:23:49",  3,  -56,  1003,  0,  0,  0,  -11,  -27,  -34
2997072, 1710336229, "2024/3/13 13:23:49",  5,  -58,  1006,  0,  0,  0,  -12,  -28,  -34
2997272, 1710336230, "2024/3/13 13:23:50",  3,  -54,  1004,  0,  0,  0,  -11,  -26,  -35
2997472, 1710336230, "2024/3/13 13:23:50",  2,  -57,  1007,  0,  0,  -1,  -11,  -27,  -34
2997672, 1710336230, "2024/3/13 13:23:50",  5,  -60,  1003,  0,  0,  -1,  -9,  -27,  -34
2997872, 1710336230, "2024/3/13 13:23:50",  3,  -58,  1003,  0,  0,  0,  -8,  -26,  -34
2998072, 1710336230, "2024/3/13 13:23:50",  2,  -54,  1003,  0,  0,  -1,  -9,  -27,  -33
2998272, 1710336231, "2024/3/13 13:23:51",  0,  -57,  1002,  0,  0,  -1,  -10,  -28,  -35
2998472, 1710336231, "2024/3/13 13:23:51",  4,  -58,  1003,  0,  0,  -1,  -10,  -27,  -33
2998672, 1710336231, "2024/3/13 13:23:51",  5,  -57,  1001,  0,  0,  0,  -10,  -27,  -35
2998872, 1710336231, "2024/3/13 13:23:51",  5,  -57,  1007,  0,  0,  -1,  -11,  -27,  -34
2999072, 1710336231, "2024/3/13 13:23:51",  6,  -54,  1000,  0,  -1,  -1,  -8,  -26,  -34
2999272, 1710336232, "2024/3/13 13:23:52",  11,  -63,  1003,  0,  0,  0,  -11,  -25,  -34
2999472, 1710336232, "2024/3/13 13:23:52",  6,  -52,  1006,  0,  0,  0,  -11,  -27,  -35
2999672, 1710336232, "2024/3/13 13:23:52",  8,  -60,  1004,  0,  0,  -1,  -11,  -27,  -34
2999872, 1710336232, "2024/3/13 13:23:52",  3,  -54,  1002,  0,  0,  -1,  -9,  -26,  -35
3000072, 1710336232, "2024/3/13 13:23:52",  6,  -63,  1007,  0,  0,  0,  -10,  -27,  -35
3000272, 1710336233, "2024/3/13 13:23:53",  4,  -59,  1003,  0,  0,  -1,  -10,  -28,  -35
3000472, 1710336233, "2024/3/13 13:23:53",  5,  -57,  1005,  0,  0,  -1,  -10,  -26,  -33
3000672, 1710336233, "2024/3/13 13:23:53",  2,  -57,  1004,  0,  -1,  -1,  -11,  -27,  -34
3000872, 1710336233, "2024/3/13 13:23:53",  5,  -56,  1006,  0,  0,  -1,  -10,  -28,  -34
3001072, 1710336233, "2024/3/13 13:23:53",  2,  -60,  1005,  0,  0,  -1,  -11,  -27,  -35
3001272, 1710336234, "2024/3/13 13:23:54",  3,  -55,  1005,  0,  0,  0,  -11,  -27,  -34
3001472, 1710336234, "2024/3/13 13:23:54",  4,  -53,  1004,  0,  0,  0,  -9,  -27,  -33
3001672, 1710336234, "2024/3/13 13:23:54",  5,  -57,  1002,  0,  0,  -1,  -10,  -27,  -34
3001872, 1710336234, "2024/3/13 13:23:54",  6,  -59,  1001,  0,  -1,  -1,  -9,  -28,  -35
3002072, 1710336234, "2024/3/13 13:23:54",  3,  -58,  1005,  0,  0,  -1,  -9,  -27,  -35
3002272, 1710336235, "2024/3/13 13:23:55",  5,  -47,  1001,  0,  0,  -1,  -9,  -26,  -37
3002472, 1710336235, "2024/3/13 13:23:55",  7,  -62,  1004,  0,  -1,  -1,  -10,  -25,  -36
3002672, 1710336235, "2024/3/13 13:23:55",  3,  -52,  1001,  1,  0,  -1,  -12,  -27,  -36
3002872, 1710336235, "2024/3/13 13:23:55",  6,  -59,  1005,  0,  0,  -1,  -12,  -26,  -36
3003072, 1710336235, "2024/3/13 13:23:55",  6,  -54,  999,  0,  -1,  -1,  -9,  -26,  -34
3003272, 1710336236, "2024/3/13 13:23:56",  7,  -58,  1009,  0,  0,  -1,  -11,  -26,  -35
3003472, 1710336236, "2024/3/13 13:23:56",  6,  -71,  1005,  0,  0,  -1,  -10,  -25,  -35
3003672, 1710336236, "2024/3/13 13:23:56",  3,  -55,  1000,  0,  0,  -1,  -12,  -27,  -34
3003872, 1710336236, "2024/3/13 13:23:56",  1,  -51,  1016,  0,  0,  0,  -10,  -27,  -35
3004072, 1710336236, "2024/3/13 13:23:56",  -1,  -44,  968,  0,  0,  -1,  -11,  -26,  -34
3004272, 1710336237, "2024/3/13 13:23:57",  0,  -69,  1002,  0,  0,  -1,  -9,  -26,  -36
3004472, 1710336237, "2024/3/13 13:23:57",  7,  -54,  1000,  0,  -1,  -1,  -10,  -26,  -36
3004672, 1710336237, "2024/3/13 13:23:57",  2,  -58,  1002,  0,  0,  -1,  -9,  -27,  -35
3004872, 1710336237, "2024/3/13 13:23:57",  3,  -59,  1000,  0,  0,  -1,  -9,  -26,  -36
3005072, 1710336237, "2024/3/13 13:23:57",  4,  -58,  1005,  0,  0,  0,  -10,  -28,  -35
3005272, 1710336238, "2024/3/13 13:23:58",  6,  -60,  1001,  0,  0,  0,  -9,  -27,  -34
3005472, 1710336238, "2024/3/13 13:23:58",  3,  -58,  1003,  0,  -1,  0,  -9,  -25,  -36
3005672, 1710336238, "2024/3/13 13:23:58",  6,  -61,  1003,  0,  0,  0,  -10,  -27,  -34
3005872, 1710336238, "2024/3/13 13:23:58",  5,  -57,  1003,  0,  0,  0,  -10,  -27,  -34
3006072, 1710336238, "2024/3/13 13:23:58",  8,  -64,  1004,  0,  0,  0,  -11,  -26,  -35
3006272, 1710336239, "2024/3/13 13:23:59",  7,  -56,  1001,  0,  0,  -1,  -11,  -26,  -35
3006472, 1710336239, "2024/3/13 13:23:59",  10,  -57,  1004,  0,  0,  0,  -10,  -27,  -35
3006672, 1710336239, "2024/3/13 13:23:59",  9,  -56,  1003,  0,  0,  0,  -9,  -25,  -35
3006872, 1710336239, "2024/3/13 13:23:59",  8,  -59,  1003,  0,  0,  0,  -10,  -26,  -36
3007072, 1710336239, "2024/3/13 13:23:59",  5,  -59,  1002,  0,  0,  -1,  -9,  -24,  -36
3007272, 1710336240, "2024/3/13 13:24:0",  4,  -55,  1003,  0,  -1,  -1,  -11,  -27,  -35
3007472, 1710336240, "2024/3/13 13:24:0",  7,  -58,  1003,  0,  -1,  -1,  -9,  -26,  -34
3007672, 1710336240, "2024/3/13 13:24:0",  8,  -63,  999,  0,  0,  -1,  -11,  -26,  -36
3007872, 1710336240, "2024/3/13 13:24:0",  1,  -59,  1001,  0,  0,  -1,  -11,  -26,  -36
3008072, 1710336240, "2024/3/13 13:24:0",  2,  -60,  1002,  0,  0,  0,  -9,  -28,  -38
3008272, 1710336241, "2024/3/13 13:24:1",  3,  -60,  1002,  0,  0,  0,  -9,  -26,  -35
3008472, 1710336241, "2024/3/13 13:24:1",  8,  -61,  1002,  0,  -1,  -1,  -10,  -26,  -35
3008672, 1710336241, "2024/3/13 13:24:1",  6,  -61,  1001,  0,  0,  -1,  -9,  -27,  -36
3008872, 1710336241, "2024/3/13 13:24:1",  3,  -61,  1003,  0,  -1,  -1,  -10,  -28,  -36
3009072, 1710336241, "2024/3/13 13:24:1",  3,  -60,  1005,  0,  0,  -1,  -10,  -27,  -34
3009272, 1710336242, "2024/3/13 13:24:2",  9,  -60,  1001,  0,  0,  -1,  -12,  -26,  -35
3009472, 1710336242, "2024/3/13 13:24:2",  5,  -60,  1000,  0,  0,  0,  -9,  -25,  -35
3009672, 1710336242, "2024/3/13 13:24:2",  2,  -63,  1001,  0,  -1,  -1,  -12,  -26,  -36
3009872, 1710336242, "2024/3/13 13:24:2",  5,  -56,  1008,  0,  0,  -1,  -10,  -27,  -36
3010072, 1710336242, "2024/3/13 13:24:2",  6,  -51,  1002,  0,  -1,  -1,  -11,  -28,  -35
3010272, 1710336243, "2024/3/13 13:24:3",  9,  -58,  1003,  0,  0,  -1,  -10,  -27,  -35
3010472, 1710336243, "2024/3/13 13:24:3",  9,  -58,  1005,  0,  0,  -1,  -10,  -26,  -35
3010672, 1710336243, "2024/3/13 13:24:3",  8,  -60,  1003,  0,  0,  0,  -12,  -26,  -35
3010872, 1710336243, "2024/3/13 13:24:3",  7,  -58,  1002,  0,  -1,  0,  -11,  -27,  -36
3011072, 1710336243, "2024/3/13 13:24:3",  7,  -64,  1001,  0,  0,  0,  -10,  -26,  -36
3011272, 1710336244, "2024/3/13 13:24:4",  7,  -58,  1002,  0,  -1,  0,  -10,  -26,  -34
3011472, 1710336244, "2024/3/13 13:24:4",  6,  -57,  1003,  0,  0,  -1,  -10,  -27,  -34
3011672, 1710336244, "2024/3/13 13:24:4",  4,  -53,  1000,  0,  0,  0,  -11,  -28,  -34
3011872, 1710336244, "2024/3/13 13:24:4",  3,  -57,  1004,  0,  0,  0,  -11,  -27,  -36
3012072, 1710336244, "2024/3/13 13:24:4",  8,  -55,  1004,  0,  0,  -1,  -9,  -27,  -35
3012272, 1710336245, "2024/3/13 13:24:5",  3,  -61,  1001,  0,  0,  -1,  -10,  -26,  -34
3012472, 1710336245, "2024/3/13 13:24:5",  5,  -56,  1006,  0,  0,  -1,  -9,  -25,  -35
3012672, 1710336245, "2024/3/13 13:24:5",  6,  -59,  1005,  0,  0,  -1,  -9,  -27,  -35
3012872, 1710336245, "2024/3/13 13:24:5",  4,  -55,  1002,  0,  0,  0,  -10,  -27,  -34
3013072, 1710336245, "2024/3/13 13:24:5",  11,  -54,  1003,  0,  0,  -1,  -9,  -27,  -34
3013272, 1710336246, "2024/3/13 13:24:6",  5,  -61,  1004,  0,  -1,  0,  -9,  -26,  -35
3013472, 1710336246, "2024/3/13 13:24:6",  3,  -62,  1003,  0,  0,  -1,  -10,  -26,  -34
3013672, 1710336246, "2024/3/13 13:24:6",  9,  -62,  998,  0,  0,  0,  -10,  -27,  -36
3013872, 1710336246, "2024/3/13 13:24:6",  3,  -52,  1001,  0,  0,  -1,  -9,  -26,  -36
3014072, 1710336246, "2024/3/13 13:24:6",  4,  -58,  1002,  0,  0,  -1,  -11,  -27,  -36
3014272, 1710336247, "2024/3/13 13:24:7",  5,  -61,  1003,  0,  0,  -1,  -11,  -27,  -37
3014472, 1710336247, "2024/3/13 13:24:7",  6,  -52,  1004,  0,  0,  0,  -10,  -27,  -35
3014672, 1710336247, "2024/3/13 13:24:7",  5,  -53,  1004,  0,  0,  -1,  -10,  -27,  -35
3014872, 1710336247, "2024/3/13 13:24:7",  5,  -63,  1003,  0,  0,  -1,  -11,  -26,  -36
3015072, 1710336247, "2024/3/13 13:24:7",  6,  -59,  1003,  0,  -1,  0,  -11,  -26,  -36
3015272, 1710336248, "2024/3/13 13:24:8",  5,  -60,  1001,  0,  0,  -1,  -9,  -25,  -36
3015472, 1710336248, "2024/3/13 13:24:8",  6,  -63,  1003,  0,  0,  -1,  -10,  -26,  -35
3015672, 1710336248, "2024/3/13 13:24:8",  11,  -61,  1002,  0,  0,  0,  -10,  -26,  -34
3015872, 1710336248, "2024/3/13 13:24:8",  2,  -59,  1008,  0,  0,  0,  -10,  -26,  -37
3016072, 1710336248, "2024/3/13 13:24:8",  7,  -58,  1002,  0,  0,  -1,  -11,  -26,  -34
3016272, 1710336249, "2024/3/13 13:24:9",  11,  -61,  1004,  0,  0,  0,  -10,  -26,  -36
3016472, 1710336249, "2024/3/13 13:24:9",  5,  -57,  1003,  0,  0,  -1,  -9,  -27,  -34
3016672, 1710336249, "2024/3/13 13:24:9",  6,  -61,  1003,  0,  0,  -1,  -10,  -27,  -34
3016872, 1710336249, "2024/3/13 13:24:9",  12,  -61,  1002,  0,  0,  -1,  -10,  -26,  -35
3017072, 1710336249, "2024/3/13 13:24:9",  3,  -59,  1002,  0,  0,  -1,  -10,  -27,  -34
3017272, 1710336250, "2024/3/13 13:24:10",  7,  -60,  1005,  0,  0,  0,  -9,  -25,  -34
3017472, 1710336250, "2024/3/13 13:24:10",  5,  -58,  1004,  0,  0,  0,  -10,  -27,  -36
3017672, 1710336250, "2024/3/13 13:24:10",  10,  -61,  1005,  0,  0,  0,  -9,  -27,  -34
3017872, 1710336250, "2024/3/13 13:24:10",  10,  -55,  1001,  0,  -1,  -1,  -11,  -27,  -36
3018072, 1710336250, "2024/3/13 13:24:10",  8,  -57,  1001,  0,  0,  -1,  -11,  -26,  -35
3018272, 1710336251, "2024/3/13 13:24:11",  6,  -56,  1004,  0,  0,  -1,  -10,  -27,  -37
3018472, 1710336251, "2024/3/13 13:24:11",  6,  -63,  1000,  0,  -1,  -1,  -11,  -26,  -34
3018672, 1710336251, "2024/3/13 13:24:11",  8,  -57,  1008,  0,  0,  -1,  -10,  -26,  -35
3018872, 1710336251, "2024/3/13 13:24:11",  12,  -58,  1004,  0,  0,  0,  -10,  -26,  -35
3019072, 1710336251, "2024/3/13 13:24:11",  5,  -59,  1003,  0,  0,  0,  -10,  -26,  -36
3019272, 1710336252, "2024/3/13 13:24:12",  7,  -55,  1003,  0,  0,  0,  -10,  -27,  -36
3019472, 1710336252, "2024/3/13 13:24:12",  10,  -60,  1004,  0,  0,  -1,  -8,  -26,  -35
3019672, 1710336252, "2024/3/13 13:24:12",  8,  -57,  1002,  0,  0,  0,  -9,  -28,  -36
3019872, 1710336252, "2024/3/13 13:24:12",  6,  -61,  1001,  0,  0,  -1,  -10,  -27,  -36
3020072, 1710336252, "2024/3/13 13:24:12",  5,  -56,  1003,  0,  0,  0,  -11,  -27,  -35
3020272, 1710336253, "2024/3/13 13:24:13",  1,  -57,  1005,  0,  0,  -1,  -9,  -27,  -35
3020472, 1710336253, "2024/3/13 13:24:13",  3,  -60,  1002,  0,  0,  -1,  -10,  -26,  -35
3020672, 1710336253, "2024/3/13 13:24:13",  5,  -56,  1004,  0,  0,  -1,  -10,  -27,  -35
3020872, 1710336253, "2024/3/13 13:24:13",  9,  -59,  1005,  0,  0,  -1,  -10,  -25,  -36
3021072, 1710336253, "2024/3/13 13:24:13",  1,  -61,  1001,  0,  0,  0,  -11,  -26,  -35
3021272, 1710336254, "2024/3/13 13:24:14",  5,  -55,  1004,  0,  0,  -1,  -8,  -27,  -35
3021472, 1710336254, "2024/3/13 13:24:14",  9,  -60,  1003,  0,  0,  -1,  -10,  -26,  -36
3021672, 1710336254, "2024/3/13 13:24:14",  5,  -63,  1006,  0,  0,  0,  -10,  -28,  -35
3021872, 1710336254, "2024/3/13 13:24:14",  6,  -58,  1000,  0,  -1,  -1,  -10,  -27,  -34
3022072, 1710336254, "2024/3/13 13:24:14",  5,  -58,  1006,  0,  0,  -1,  -10,  -27,  -36
3022272, 1710336255, "2024/3/13 13:24:15",  8,  -57,  1004,  0,  0,  -1,  -10,  -26,  -33
3022472, 1710336255, "2024/3/13 13:24:15",  7,  -60,  1003,  0,  0,  0,  -12,  -27,  -35
3022672, 1710336255, "2024/3/13 13:24:15",  4,  -60,  1002,  0,  -1,  -1,  -9,  -25,  -35
3022872, 1710336255, "2024/3/13 13:24:15",  7,  -57,  1004,  0,  0,  -1,  -10,  -28,  -36
3023072, 1710336255, "2024/3/13 13:24:15",  7,  -61,  1006,  0,  0,  0,  -9,  -27,  -35
3023272, 1710336256, "2024/3/13 13:24:16",  9,  -58,  1000,  0,  -1,  -1,  -10,  -25,  -34
3023472, 1710336256, "2024/3/13 13:24:16",  8,  -60,  1003,  0,  0,  -1,  -10,  -26,  -34
3023672, 1710336256, "2024/3/13 13:24:16",  5,  -58,  1004,  0,  0,  -1,  -9,  -25,  -34
3023872, 1710336256, "2024/3/13 13:24:16",  7,  -59,  1007,  0,  0,  -1,  -11,  -26,  -36
3024072, 1710336256, "2024/3/13 13:24:16",  7,  -60,  1000,  0,  0,  -1,  -11,  -27,  -36
3024272, 1710336257, "2024/3/13 13:24:17",  7,  -61,  1005,  0,  -1,  -1,  -10,  -27,  -36
3024472, 1710336257, "2024/3/13 13:24:17",  4,  -58,  1004,  0,  0,  0,  -11,  -27,  -36
3024672, 1710336257, "2024/3/13 13:24:17",  12,  -65,  1000,  0,  -1,  -1,  -10,  -28,  -35
3024872, 1710336257, "2024/3/13 13:24:17",  2,  -62,  1000,  0,  0,  -1,  -10,  -27,  -35
3025072, 1710336257, "2024/3/13 13:24:17",  3,  -60,  1003,  0,  0,  0,  -10,  -26,  -36
3025272, 1710336258, "2024/3/13 13:24:18",  5,  -64,  1002,  0,  0,  -1,  -9,  -26,  -33
3025472, 1710336258, "2024/3/13 13:24:18",  5,  -54,  999,  0,  0,  0,  -9,  -27,  -34
3025672, 1710336258, "2024/3/13 13:24:18",  12,  -60,  1007,  0,  0,  0,  -10,  -27,  -34
3025872, 1710336258, "2024/3/13 13:24:18",  10,  -59,  1005,  0,  0,  -1,  -10,  -25,  -35
3026072, 1710336258, "2024/3/13 13:24:18",  13,  -80,  1014,  0,  0,  0,  -11,  -26,  -35
3026272, 1710336259, "2024/3/13 13:24:19",  14,  -63,  1006,  0,  0,  -1,  -9,  -27,  -36
3026472, 1710336259, "2024/3/13 13:24:19",  7,  -62,  1003,  0,  0,  -1,  -10,  -26,  -35
3026672, 1710336259, "2024/3/13 13:24:19",  10,  -58,  1000,  0,  0,  0,  -9,  -26,  -36
3026872, 1710336259, "2024/3/13 13:24:19",  9,  -60,  1004,  0,  0,  0,  -10,  -27,  -36
3027072, 1710336259, "2024/3/13 13:24:19",  4,  -58,  1001,  0,  -1,  -1,  -10,  -26,  -34
3027272, 1710336260, "2024/3/13 13:24:20",  6,  -60,  1002,  0,  -1,  -1,  -10,  -27,  -36
3027472, 1710336260, "2024/3/13 13:24:20",  5,  -59,  1002,  0,  0,  -1,  -9,  -25,  -34
3027672, 1710336260, "2024/3/13 13:24:20",  6,  -60,  1003,  0,  0,  -1,  -10,  -27,  -35
3027872, 1710336260, "2024/3/13 13:24:20",  6,  -62,  998,  0,  0,  -1,  -11,  -25,  -35
3028072, 1710336260, "2024/3/13 13:24:20",  5,  -59,  1000,  0,  0,  -1,  -8,  -26,  -35
3028272, 1710336261, "2024/3/13 13:24:21",  5,  -62,  1004,  0,  0,  -1,  -11,  -28,  -36
3028472, 1710336261, "2024/3/13 13:24:21",  7,  -54,  1001,  0,  0,  0,  -11,  -27,  -34
3028672, 1710336261, "2024/3/13 13:24:21",  10,  -57,  1007,  0,  0,  -1,  -11,  -26,  -34
3028872, 1710336261, "2024/3/13 13:24:21",  4,  -62,  1004,  0,  0,  0,  -10,  -27,  -36
3029072, 1710336261, "2024/3/13 13:24:21",  4,  -57,  1001,  0,  0,  0,  -9,  -25,  -34
3029272, 1710336262, "2024/3/13 13:24:22",  -1,  -58,  1004,  0,  0,  -1,  -10,  -26,  -35
3029472, 1710336262, "2024/3/13 13:24:22",  2,  -59,  1003,  0,  0,  0,  -11,  -27,  -34
3029672, 1710336262, "2024/3/13 13:24:22",  5,  -61,  1001,  0,  0,  -1,  -10,  -25,  -33
3029872, 1710336262, "2024/3/13 13:24:22",  6,  -57,  1004,  0,  -1,  -1,  -10,  -25,  -36
3030072, 1710336262, "2024/3/13 13:24:22",  6,  -55,  1001,  0,  0,  -1,  -10,  -26,  -35
3030272, 1710336263, "2024/3/13 13:24:23",  1,  -54,  1001,  0,  0,  -1,  -10,  -26,  -34
3030472, 1710336263, "2024/3/13 13:24:23",  2,  -64,  1000,  0,  0,  0,  -9,  -27,  -34
3030672, 1710336263, "2024/3/13 13:24:23",  4,  -59,  1005,  0,  0,  0,  -10,  -27,  -34
3030872, 1710336263, "2024/3/13 13:24:23",  8,  -61,  1004,  0,  -1,  -1,  -10,  -27,  -35
3031072, 1710336263, "2024/3/13 13:24:23",  5,  -59,  1005,  0,  0,  0,  -10,  -27,  -36
3031272, 1710336264, "2024/3/13 13:24:24",  9,  -62,  1003,  0,  0,  0,  -9,  -27,  -34
3031472, 1710336264, "2024/3/13 13:24:24",  6,  -65,  1002,  0,  0,  -1,  -10,  -26,  -36
3031672, 1710336264, "2024/3/13 13:24:24",  6,  -58,  1005,  0,  0,  0,  -10,  -28,  -35
3031872, 1710336264, "2024/3/13 13:24:24",  5,  -59,  1003,  0,  0,  0,  -9,  -26,  -34
3032072, 1710336264, "2024/3/13 13:24:24",  7,  -62,  999,  0,  0,  0,  -10,  -25,  -34
3032272, 1710336265, "2024/3/13 13:24:25",  4,  -65,  1003,  0,  0,  -1,  -10,  -24,  -36
3032472, 1710336265, "2024/3/13 13:24:25",  7,  -62,  1003,  0,  0,  0,  -11,  -28,  -35
3032672, 1710336265, "2024/3/13 13:24:25",  6,  -66,  1001,  0,  0,  -1,  -10,  -27,  -35
3032872, 1710336265, "2024/3/13 13:24:25",  6,  -63,  1000,  0,  -1,  0,  -12,  -28,  -36
3033072, 1710336265, "2024/3/13 13:24:25",  3,  -57,  1003,  0,  0,  0,  -10,  -26,  -36
3033272, 1710336266, "2024/3/13 13:24:26",  7,  -61,  1004,  0,  0,  0,  -11,  -26,  -34
3033472, 1710336266, "2024/3/13 13:24:26",  9,  -62,  1003,  0,  0,  -1,  -11,  -26,  -34
3033672, 1710336266, "2024/3/13 13:24:26",  1,  -55,  1003,  0,  0,  0,  -11,  -26,  -36
3033872, 1710336266, "2024/3/13 13:24:26",  5,  -58,  1001,  0,  -1,  -1,  -10,  -27,  -33
3034072, 1710336266, "2024/3/13 13:24:26",  7,  -56,  1005,  0,  0,  -1,  -10,  -27,  -36
3034272, 1710336267, "2024/3/13 13:24:27",  1,  -54,  1006,  0,  0,  -1,  -10,  -27,  -35
3034472, 1710336267, "2024/3/13 13:24:27",  7,  -63,  1003,  0,  0,  -1,  -9,  -27,  -35
3034672, 1710336267, "2024/3/13 13:24:27",  6,  -61,  1004,  0,  0,  0,  -11,  -28,  -34
3034872, 1710336267, "2024/3/13 13:24:27",  7,  -57,  1002,  0,  0,  0,  -9,  -26,  -35
3035072, 1710336267, "2024/3/13 13:24:27",  3,  -57,  999,  0,  -1,  -1,  -9,  -27,  -34
3035272, 1710336268, "2024/3/13 13:24:28",  8,  -59,  1004,  0,  0,  -1,  -10,  -27,  -36
3035472, 1710336268, "2024/3/13 13:24:28",  9,  -57,  1004,  0,  0,  -1,  -11,  -27,  -34
3035672, 1710336268, "2024/3/13 13:24:28",  9,  -56,  1006,  0,  0,  0,  -10,  -27,  -35
3035872, 1710336268, "2024/3/13 13:24:28",  6,  -58,  1004,  0,  0,  -1,  -11,  -26,  -35
3036072, 1710336268, "2024/3/13 13:24:28",  9,  -59,  1000,  0,  0,  -1,  -10,  -25,  -34
3036272, 1710336269, "2024/3/13 13:24:29",  7,  -56,  1000,  0,  -1,  -1,  -10,  -28,  -34
3036472, 1710336269, "2024/3/13 13:24:29",  11,  -63,  1005,  0,  0,  -1,  -10,  -27,  -37
3036672, 1710336269, "2024/3/13 13:24:29",  11,  -67,  1000,  0,  0,  -1,  -10,  -27,  -35
3036872, 1710336269, "2024/3/13 13:24:29",  4,  -64,  1007,  0,  0,  -1,  -10,  -27,  -35
3037072, 1710336269, "2024/3/13 13:24:29",  1,  -62,  1002,  0,  0,  -1,  -10,  -27,  -34
3037272, 1710336270, "2024/3/13 13:24:30",  6,  -54,  1001,  0,  0,  -1,  -11,  -25,  -36
3037472, 1710336270, "2024/3/13 13:24:30",  2,  -58,  1005,  0,  0,  0,  -11,  -27,  -36
3037672, 1710336270, "2024/3/13 13:24:30",  0,  -56,  1005,  1,  0,  0,  -9,  -26,  -35
3037872, 1710336270, "2024/3/13 13:24:30",  4,  -63,  1000,  0,  0,  -1,  -9,  -27,  -36
3038072, 1710336270, "2024/3/13 13:24:30",  2,  -56,  1002,  0,  0,  -1,  -10,  -26,  -33
3038272, 1710336271, "2024/3/13 13:24:31",  4,  -61,  1003,  0,  0,  -1,  -10,  -27,  -33
3038472, 1710336271, "2024/3/13 13:24:31",  2,  -57,  1001,  0,  0,  0,  -10,  -26,  -35
3038672, 1710336271, "2024/3/13 13:24:31",  6,  -56,  1004,  0,  0,  0,  -8,  -28,  -32
3038872, 1710336271, "2024/3/13 13:24:31",  8,  -60,  1007,  0,  -1,  0,  -10,  -27,  -35
3039072, 1710336271, "2024/3/13 13:24:31",  7,  -59,  1001,  0,  -1,  -1,  -10,  -27,  -35
3039272, 1710336272, "2024/3/13 13:24:32",  9,  -55,  1003,  0,  0,  0,  -10,  -28,  -34
3039472, 1710336272, "2024/3/13 13:24:32",  7,  -60,  1001,  0,  0,  -1,  -10,  -26,  -34
3039672, 1710336272, "2024/3/13 13:24:32",  7,  -61,  1004,  0,  0,  -1,  -9,  -27,  -36
3039872, 1710336272, "2024/3/13 13:24:32",  7,  -58,  1004,  0,  0,  0,  -10,  -25,  -35
3040072, 1710336272, "2024/3/13 13:24:32",  6,  -56,  1005,  0,  0,  0,  -10,  -26,  -37
3040272, 1710336273, "2024/3/13 13:24:33",  8,  -52,  1000,  0,  0,  0,  -10,  -26,  -36
3040472, 1710336273, "2024/3/13 13:24:33",  1,  -54,  1006,  0,  -1,  -1,  -10,  -27,  -35
3040672, 1710336273, "2024/3/13 13:24:33",  0,  -58,  1002,  0,  0,  -1,  -9,  -27,  -34
3040872, 1710336273, "2024/3/13 13:24:33",  1,  -56,  1004,  0,  0,  0,  -9,  -25,  -34
3041072, 1710336273, "2024/3/13 13:24:33",  -4,  -58,  1005,  0,  -1,  -1,  -11,  -26,  -35
3041272, 1710336274, "2024/3/13 13:24:34",  3,  -60,  1005,  0,  0,  -1,  -10,  -25,  -34
3041472, 1710336274, "2024/3/13 13:24:34",  9,  -54,  1002,  0,  0,  0,  -11,  -27,  -35
3041672, 1710336274, "2024/3/13 13:24:34",  4,  -58,  1004,  0,  0,  -1,  -11,  -27,  -36
3041872, 1710336274, "2024/3/13 13:24:34",  5,  -70,  1006,  0,  0,  -1,  -9,  -27,  -36
3042072, 1710336274, "2024/3/13 13:24:34",  7,  -59,  1004,  0,  0,  -1,  -11,  -25,  -35
3042272, 1710336275, "2024/3/13 13:24:35",  2,  -60,  1004,  0,  -1,  -1,  -11,  -27,  -36
3042472, 1710336275, "2024/3/13 13:24:35",  6,  -57,  1002,  0,  -1,  -1,  -12,  -27,  -34
3042672, 1710336275, "2024/3/13 13:24:35",  0,  -41,  1004,  0,  -1,  -1,  -10,  -25,  -34
3042872, 1710336275, "2024/3/13 13:24:35",  -2,  -63,  1004,  0,  0,  0,  -11,  -27,  -36
3043072, 1710336275, "2024/3/13 13:24:35",  3,  -64,  1001,  0,  -1,  -1,  -9,  -29,  -36
3043272, 1710336276, "2024/3/13 13:24:36",  4,  -56,  999,  0,  -1,  -1,  -8,  -25,  -34
3043472, 1710336276, "2024/3/13 13:24:36",  -3,  -58,  1000,  1,  -1,  -1,  -9,  -27,  -36
3043672, 1710336276, "2024/3/13 13:24:36",  4,  -57,  1005,  0,  0,  0,  -9,  -27,  -33
3043872, 1710336276, "2024/3/13 13:24:36",  4,  -54,  1001,  0,  -1,  -1,  -11,  -26,  -36
3044072, 1710336276, "2024/3/13 13:24:36",  5,  -54,  1000,  0,  0,  0,  -9,  -26,  -35
3044272, 1710336277, "2024/3/13 13:24:37",  6,  -61,  991,  0,  0,  0,  -8,  -26,  -35
3044472, 1710336277, "2024/3/13 13:24:37",  4,  -56,  1003,  0,  0,  0,  -11,  -28,  -35
3044672, 1710336277, "2024/3/13 13:24:37",  8,  -66,  1005,  0,  0,  -1,  -9,  -28,  -34
3044872, 1710336277, "2024/3/13 13:24:37",  1,  -61,  999,  0,  0,  -1,  -9,  -25,  -35
3045072, 1710336277, "2024/3/13 13:24:37",  5,  -65,  1003,  0,  -1,  -1,  -10,  -25,  -35
3045272, 1710336278, "2024/3/13 13:24:38",  5,  -55,  1004,  0,  0,  0,  -10,  -27,  -34
3045472, 1710336278, "2024/3/13 13:24:38",  9,  -53,  1003,  0,  -1,  0,  -10,  -26,  -35
3045672, 1710336278, "2024/3/13 13:24:38",  7,  -58,  1007,  0,  0,  -1,  -10,  -26,  -35
3045872, 1710336278, "2024/3/13 13:24:38",  3,  -59,  1003,  0,  0,  -1,  -9,  -28,  -35
3046072, 1710336278, "2024/3/13 13:24:38",  5,  -62,  1003,  0,  0,  -1,  -9,  -27,  -35
3046272, 1710336279, "2024/3/13 13:24:39",  3,  -60,  1003,  0,  0,  -1,  -10,  -27,  -35
3046472, 1710336279, "2024/3/13 13:24:39",  8,  -56,  1001,  0,  0,  -1,  -10,  -27,  -35
3046672, 1710336279, "2024/3/13 13:24:39",  5,  -56,  998,  0,  -1,  0,  -10,  -26,  -36
3046872, 1710336279, "2024/3/13 13:24:39",  7,  -57,  999,  0,  0,  -1,  -11,  -27,  -36
3047072, 1710336279, "2024/3/13 13:24:39",  3,  -61,  1005,  0,  0,  -1,  -11,  -27,  -35
3047272, 1710336280, "2024/3/13 13:24:40",  4,  -61,  1002,  0,  0,  0,  -11,  -27,  -36
3047472, 1710336280, "2024/3/13 13:24:40",  8,  -45,  1004,  0,  0,  -1,  -9,  -27,  -36
3047672, 1710336280, "2024/3/13 13:24:40",  4,  -54,  1000,  0,  0,  -1,  -9,  -25,  -36
3047872, 1710336280, "2024/3/13 13:24:40",  12,  -60,  1007,  0,  0,  0,  -10,  -27,  -36
3048072, 1710336280, "2024/3/13 13:24:40",  3,  -54,  1006,  0,  0,  -1,  -9,  -26,  -35
3048272, 1710336281, "2024/3/13 13:24:41",  4,  -59,  1007,  0,  0,  -1,  -12,  -26,  -33
3048472, 1710336281, "2024/3/13 13:24:41",  0,  -57,  1000,  0,  0,  0,  -11,  -28,  -35
3048672, 1710336281, "2024/3/13 13:24:41",  10,  -53,  1006,  0,  0,  0,  -9,  -27,  -36
3048872, 1710336281, "2024/3/13 13:24:41",  3,  -57,  1011,  0,  0,  -1,  -10,  -27,  -36
3049072, 1710336281, "2024/3/13 13:24:41",  6,  -43,  1007,  0,  0,  0,  -10,  -28,  -35
3049272, 1710336282, "2024/3/13 13:24:42",  2,  -58,  1005,  0,  0,  -1,  -10,  -27,  -36
3049472, 1710336282, "2024/3/13 13:24:42",  5,  -65,  1000,  0,  0,  0,  -10,  -28,  -36
3049672, 1710336282, "2024/3/13 13:24:42",  3,  -58,  1003,  0,  0,  -1,  -12,  -28,  -34
3049872, 1710336282, "2024/3/13 13:24:42",  3,  -62,  1007,  0,  0,  -1,  -10,  -26,  -36
3050072, 1710336282, "2024/3/13 13:24:42",  6,  -64,  1004,  0,  0,  -1,  -10,  -27,  -34
3050272, 1710336283, "2024/3/13 13:24:43",  5,  -58,  1005,  0,  0,  0,  -9,  -27,  -36
3050472, 1710336283, "2024/3/13 13:24:43",  7,  -54,  1004,  0,  0,  0,  -9,  -28,  -35
3050672, 1710336283, "2024/3/13 13:24:43",  4,  -64,  1002,  0,  0,  0,  -10,  -27,  -33
3050872, 1710336283, "2024/3/13 13:24:43",  6,  -61,  1002,  0,  0,  0,  -10,  -26,  -35
3051072, 1710336283, "2024/3/13 13:24:43",  5,  -58,  1006,  0,  -1,  0,  -12,  -27,  -36
3051272, 1710336284, "2024/3/13 13:24:44",  5,  -54,  1004,  0,  0,  0,  -11,  -27,  -36
3051472, 1710336284, "2024/3/13 13:24:44",  2,  -62,  1006,  0,  0,  0,  -11,  -26,  -34
3051672, 1710336284, "2024/3/13 13:24:44",  4,  -51,  1006,  0,  0,  0,  -11,  -27,  -35
3051872, 1710336284, "2024/3/13 13:24:44",  -1,  -54,  1001,  0,  -1,  0,  -9,  -27,  -35
3052072, 1710336284, "2024/3/13 13:24:44",  4,  -65,  1002,  0,  0,  -1,  -10,  -26,  -36
3052272, 1710336285, "2024/3/13 13:24:45",  5,  -64,  1003,  0,  0,  0,  -10,  -26,  -34
3052472, 1710336285, "2024/3/13 13:24:45",  4,  -58,  1001,  0,  0,  0,  -11,  -26,  -35
3052672, 1710336285, "2024/3/13 13:24:45",  3,  -58,  1005,  0,  0,  -1,  -10,  -27,  -35
3052872, 1710336285, "2024/3/13 13:24:45",  4,  -65,  1006,  0,  0,  0,  -11,  -26,  -34
3053072, 1710336285, "2024/3/13 13:24:45",  1,  -51,  998,  0,  0,  -1,  -11,  -26,  -35
3053272, 1710336286, "2024/3/13 13:24:46",  11,  -61,  1007,  0,  0,  -1,  -12,  -27,  -36
3053472, 1710336286, "2024/3/13 13:24:46",  15,  -57,  1005,  0,  0,  0,  -11,  -28,  -36
3053672, 1710336286, "2024/3/13 13:24:46",  0,  -61,  1000,  0,  0,  0,  -11,  -26,  -35
3053872, 1710336286, "2024/3/13 13:24:46",  7,  -62,  1003,  0,  0,  -1,  -11,  -27,  -35
3054072, 1710336286, "2024/3/13 13:24:46",  8,  -54,  1000,  0,  0,  -1,  -10,  -27,  -35
3054272, 1710336287, "2024/3/13 13:24:47",  3,  -55,  1004,  0,  0,  0,  -10,  -28,  -34
3054472, 1710336287, "2024/3/13 13:24:47",  -5,  -51,  999,  0,  0,  -1,  -10,  -27,  -34
3054672, 1710336287, "2024/3/13 13:24:47",  -1,  -47,  1005,  0,  0,  -1,  -10,  -26,  -36
3054872, 1710336287, "2024/3/13 13:24:47",  -7,  -52,  1003,  0,  -1,  0,  -10,  -27,  -33
3055072, 1710336287, "2024/3/13 13:24:47",  4,  -69,  997,  0,  0,  -1,  -9,  -26,  -33
3055272, 1710336288, "2024/3/13 13:24:48",  3,  -59,  1003,  0,  0,  -1,  -11,  -28,  -36
3055472, 1710336288, "2024/3/13 13:24:48",  -3,  -61,  1004,  0,  0,  -1,  -9,  -27,  -35
3055672, 1710336288, "2024/3/13 13:24:48",  10,  -54,  1000,  0,  0,  -1,  -9,  -26,  -35
3055872, 1710336288, "2024/3/13 13:24:48",  5,  -59,  1008,  0,  0,  -1,  -9,  -26,  -35
3056072, 1710336288, "2024/3/13 13:24:48",  9,  -64,  1004,  0,  0,  0,  -9,  -26,  -35
3056272, 1710336289, "2024/3/13 13:24:49",  6,  -60,  1003,  0,  0,  -1,  -11,  -26,  -35
3056472, 1710336289, "2024/3/13 13:24:49",  3,  -57,  1006,  0,  0,  -1,  -10,  -25,  -33
3056672, 1710336289, "2024/3/13 13:24:49",  5,  -57,  1002,  0,  0,  0,  -12,  -26,  -35
3056872, 1710336289, "2024/3/13 13:24:49",  5,  -61,  1003,  0,  0,  -1,  -9,  -26,  -34
3057072, 1710336289, "2024/3/13 13:24:49",  7,  -59,  1003,  0,  0,  -1,  -10,  -27,  -35
3057272, 1710336290, "2024/3/13 13:24:50",  0,  -57,  1000,  0,  0,  -1,  -10,  -26,  -35
3057472, 1710336290, "2024/3/13 13:24:50",  4,  -61,  1006,  0,  0,  0,  -11,  -27,  -36
3057672, 1710336290, "2024/3/13 13:24:50",  4,  -57,  1005,  0,  0,  0,  -10,  -26,  -35
3057872, 1710336290, "2024/3/13 13:24:50",  10,  -65,  1007,  0,  -1,  -1,  -11,  -27,  -34
3058072, 1710336290, "2024/3/13 13:24:50",  9,  -61,  999,  0,  0,  -1,  -10,  -25,  -33
3058272, 1710336291, "2024/3/13 13:24:51",  8,  -56,  1005,  0,  0,  0,  -10,  -25,  -35
3058472, 1710336291, "2024/3/13 13:24:51",  7,  -63,  1004,  0,  -1,  0,  -11,  -25,  -34
3058672, 1710336291, "2024/3/13 13:24:51",  6,  -58,  1004,  0,  0,  -1,  -9,  -26,  -34
3058872, 1710336291, "2024/3/13 13:24:51",  4,  -60,  1005,  0,  -1,  -1,  -10,  -26,  -34
3059072, 1710336291, "2024/3/13 13:24:51",  6,  -62,  1005,  0,  -1,  0,  -10,  -27,  -34
3059272, 1710336292, "2024/3/13 13:24:52",  13,  -65,  1003,  0,  0,  0,  -12,  -26,  -36
3059472, 1710336292, "2024/3/13 13:24:52",  2,  -64,  1007,  1,  0,  0,  -10,  -27,  -35
3059672, 1710336292, "2024/3/13 13:24:52",  -1,  -65,  1002,  0,  0,  -1,  -10,  -28,  -34
3059872, 1710336292, "2024/3/13 13:24:52",  5,  -60,  1003,  0,  0,  0,  -8,  -25,  -35
3060072, 1710336292, "2024/3/13 13:24:52",  11,  -58,  1003,  0,  0,  -1,  -10,  -28,  -36
3060272, 1710336293, "2024/3/13 13:24:53",  0,  -53,  1003,  0,  0,  0,  -10,  -28,  -34
3060472, 1710336293, "2024/3/13 13:24:53",  4,  -58,  1005,  0,  0,  -1,  -10,  -26,  -34
3060672, 1710336293, "2024/3/13 13:24:53",  8,  -57,  1002,  0,  0,  -1,  -8,  -27,  -35
3060872, 1710336293, "2024/3/13 13:24:53",  3,  -61,  1002,  0,  0,  0,  -9,  -28,  -36
3061072, 1710336293, "2024/3/13 13:24:53",  0,  -55,  1011,  0,  0,  0,  -10,  -26,  -34
3061272, 1710336294, "2024/3/13 13:24:54",  7,  -61,  1004,  0,  0,  0,  -11,  -27,  -36
3061472, 1710336294, "2024/3/13 13:24:54",  11,  -55,  1003,  0,  0,  0,  -10,  -26,  -34
3061672, 1710336294, "2024/3/13 13:24:54",  7,  -59,  1003,  0,  -1,  -1,  -11,  -27,  -34
3061872, 1710336294, "2024/3/13 13:24:54",  -3,  -51,  1003,  0,  0,  0,  -12,  -27,  -35
3062072, 1710336294, "2024/3/13 13:24:54",  6,  -51,  998,  0,  0,  -1,  -10,  -27,  -34
3062272, 1710336295, "2024/3/13 13:24:55",  8,  -51,  995,  0,  0,  -1,  -11,  -27,  -36
3062472, 1710336295, "2024/3/13 13:24:55",  4,  -58,  1005,  0,  0,  0,  -10,  -26,  -34
3062672, 1710336295, "2024/3/13 13:24:55",  7,  -64,  1002,  0,  0,  0,  -11,  -25,  -36
3062872, 1710336295, "2024/3/13 13:24:55",  7,  -58,  1001,  0,  0,  0,  -10,  -27,  -36
3063072, 1710336295, "2024/3/13 13:24:55",  7,  -63,  1006,  0,  -1,  -1,  -10,  -27,  -35
3063272, 1710336296, "2024/3/13 13:24:56",  9,  -69,  1004,  0,  -1,  0,  -10,  -26,  -34
3063472, 1710336296, "2024/3/13 13:24:56",  5,  -53,  1002,  0,  0,  0,  -11,  -26,  -35
3063672, 1710336296, "2024/3/13 13:24:56",  5,  -58,  1006,  0,  0,  -1,  -10,  -25,  -34
3063872, 1710336296, "2024/3/13 13:24:56",  5,  -58,  1004,  0,  0,  0,  -11,  -26,  -35
3064072, 1710336296, "2024/3/13 13:24:56",  5,  -57,  1003,  0,  0,  0,  -9,  -29,  -35
3064272, 1710336297, "2024/3/13 13:24:57",  5,  -63,  1002,  0,  0,  -1,  -11,  -28,  -34
3064472, 1710336297, "2024/3/13 13:24:57",  6,  -65,  1006,  0,  0,  -1,  -11,  -27,  -34
3064672, 1710336297, "2024/3/13 13:24:57",  2,  -63,  1007,  0,  0,  -1,  -12,  -25,  -36
3064872, 1710336297, "2024/3/13 13:24:57",  7,  -54,  999,  0,  -1,  -1,  -10,  -27,  -36
3065072, 1710336297, "2024/3/13 13:24:57",  10,  -56,  1005,  0,  0,  0,  -9,  -26,  -34
3065272, 1710336298, "2024/3/13 13:24:58",  14,  -56,  1001,  0,  0,  0,  -11,  -27,  -35
3065472, 1710336298, "2024/3/13 13:24:58",  7,  -59,  1004,  0,  0,  -1,  -11,  -26,  -36
3065672, 1710336298, "2024/3/13 13:24:58",  8,  -65,  1004,  0,  0,  0,  -9,  -25,  -34
3065872, 1710336298, "2024/3/13 13:24:58",  2,  -54,  1003,  0,  0,  -1,  -9,  -26,  -35
3066072, 1710336298, "2024/3/13 13:24:58",  4,  -52,  1001,  0,  -1,  -1,  -9,  -26,  -36
3066272, 1710336299, "2024/3/13 13:24:59",  7,  -61,  1000,  0,  -1,  0,  -11,  -27,  -35
3066472, 1710336299, "2024/3/13 13:24:59",  6,  -61,  1004,  0,  0,  -1,  -10,  -28,  -34
3066672, 1710336299, "2024/3/13 13:24:59",  8,  -56,  1002,  0,  0,  0,  -9,  -27,  -35
3066872, 1710336299, "2024/3/13 13:24:59",  4,  -59,  1005,  0,  0,  -1,  -10,  -27,  -35
3067072, 1710336299, "2024/3/13 13:24:59",  4,  -61,  1001,  0,  0,  -1,  -11,  -26,  -34
3067272, 1710336300, "2024/3/13 13:25:0",  2,  -61,  1003,  0,  0,  0,  -10,  -26,  -36
3067472, 1710336300, "2024/3/13 13:25:0",  4,  -56,  1004,  0,  0,  0,  -10,  -26,  -36
3067672, 1710336300, "2024/3/13 13:25:0",  9,  -59,  1001,  0,  0,  -1,  -10,  -26,  -35
3067872, 1710336300, "2024/3/13 13:25:0",  3,  -60,  1002,  0,  0,  0,  -10,  -24,  -35
3068072, 1710336300, "2024/3/13 13:25:0",  6,  -62,  1004,  0,  0,  0,  -10,  -27,  -35
3068272, 1710336301, "2024/3/13 13:25:1",  7,  -53,  1004,  0,  -1,  -1,  -9,  -25,  -34
3068472, 1710336301, "2024/3/13 13:25:1",  5,  -53,  1005,  0,  -1,  -1,  -10,  -26,  -34
3068672, 1710336301, "2024/3/13 13:25:1",  7,  -60,  1001,  0,  0,  -1,  -10,  -26,  -35
3068872, 1710336301, "2024/3/13 13:25:1",  5,  -61,  1002,  0,  0,  0,  -10,  -27,  -35
3069072, 1710336301, "2024/3/13 13:25:1",  11,  -57,  1002,  0,  0,  0,  -11,  -27,  -36
3069272, 1710336302, "2024/3/13 13:25:2",  7,  -56,  1002,  0,  0,  0,  -9,  -28,  -36
3069472, 1710336302, "2024/3/13 13:25:2",  3,  -67,  1006,  0,  0,  -1,  -11,  -25,  -35
3069672, 1710336302, "2024/3/13 13:25:2",  6,  -56,  1006,  0,  0,  0,  -10,  -27,  -34
3069872, 1710336302, "2024/3/13 13:25:2",  5,  -57,  1002,  0,  -1,  -1,  -10,  -27,  -36
3070072, 1710336302, "2024/3/13 13:25:2",  8,  -59,  1003,  0,  -1,  -1,  -10,  -28,  -34
3070272, 1710336303, "2024/3/13 13:25:3",  6,  -63,  1003,  0,  0,  -1,  -9,  -28,  -36
3070472, 1710336303, "2024/3/13 13:25:3",  3,  -57,  1005,  0,  0,  -1,  -10,  -27,  -35
3070672, 1710336303, "2024/3/13 13:25:3",  10,  -63,  1005,  0,  0,  0,  -12,  -27,  -36
3070872, 1710336303, "2024/3/13 13:25:3",  8,  -60,  1003,  0,  0,  -1,  -10,  -27,  -34
3071072, 1710336303, "2024/3/13 13:25:3",  5,  -57,  1001,  0,  0,  -1,  -11,  -27,  -34
3071272, 1710336304, "2024/3/13 13:25:4",  4,  -57,  1005,  0,  0,  -1,  -11,  -26,  -35
3071472, 1710336304, "2024/3/13 13:25:4",  7,  -55,  1006,  0,  0,  -1,  -12,  -25,  -35
3071672, 1710336304, "2024/3/13 13:25:4",  9,  -53,  1000,  0,  0,  0,  -11,  -27,  -36
3071872, 1710336304, "2024/3/13 13:25:4",  9,  -64,  1004,  0,  0,  0,  -10,  -27,  -36
3072072, 1710336304, "2024/3/13 13:25:4",  6,  -64,  1002,  0,  0,  -1,  -12,  -25,  -34
3072272, 1710336305, "2024/3/13 13:25:5",  8,  -58,  1004,  0,  0,  -1,  -10,  -26,  -35
3072472, 1710336305, "2024/3/13 13:25:5",  11,  -54,  999,  0,  0,  0,  -10,  -27,  -34
3072672, 1710336305, "2024/3/13 13:25:5",  5,  -60,  1004,  0,  0,  -1,  -11,  -27,  -34
3072872, 1710336305, "2024/3/13 13:25:5",  10,  -56,  1004,  0,  0,  -1,  -10,  -25,  -35
3073072, 1710336305, "2024/3/13 13:25:5",  4,  -57,  1004,  0,  0,  -1,  -10,  -26,  -34
3073272, 1710336306, "2024/3/13 13:25:6",  5,  -63,  1003,  0,  0,  -1,  -10,  -28,  -34
3073472, 1710336306, "2024/3/13 13:25:6",  10,  -57,  1006,  0,  -1,  -1,  -10,  -27,  -35
3073672, 1710336306, "2024/3/13 13:25:6",  4,  -60,  1004,  0,  0,  -1,  -9,  -27,  -35
3073872, 1710336306, "2024/3/13 13:25:6",  4,  -61,  1003,  0,  -1,  -1,  -11,  -27,  -36
3074072, 1710336306, "2024/3/13 13:25:6",  9,  -59,  1004,  0,  0,  0,  -10,  -27,  -34
3074272, 1710336307, "2024/3/13 13:25:7",  2,  -58,  1002,  0,  0,  -1,  -12,  -26,  -35
3074472, 1710336307, "2024/3/13 13:25:7",  7,  -65,  1003,  0,  0,  0,  -10,  -27,  -36
3074672, 1710336307, "2024/3/13 13:25:7",  9,  -58,  1004,  0,  0,  0,  -11,  -27,  -35
3074872, 1710336307, "2024/3/13 13:25:7",  9,  -59,  1004,  0,  0,  0,  -10,  -27,  -34
3075072, 1710336307, "2024/3/13 13:25:7",  3,  -62,  1003,  0,  -1,  0,  -10,  -26,  -34
3075272, 1710336308, "2024/3/13 13:25:8",  8,  -58,  1005,  0,  0,  0,  -10,  -30,  -35
3075472, 1710336308, "2024/3/13 13:25:8",  6,  -59,  1003,  0,  0,  -1,  -11,  -27,  -33
3075672, 1710336308, "2024/3/13 13:25:8",  5,  -51,  1006,  0,  0,  -1,  -9,  -28,  -36
3075872, 1710336308, "2024/3/13 13:25:8",  7,  -64,  1005,  0,  0,  0,  -10,  -25,  -36
3076072, 1710336308, "2024/3/13 13:25:8",  7,  -57,  1005,  0,  0,  0,  -10,  -27,  -36
3076272, 1710336309, "2024/3/13 13:25:9",  2,  -55,  1001,  0,  0,  -1,  -10,  -27,  -36
3076472, 1710336309, "2024/3/13 13:25:9",  9,  -61,  1007,  0,  0,  -1,  -10,  -27,  -35
3076672, 1710336309, "2024/3/13 13:25:9",  6,  -59,  1003,  0,  -1,  -1,  -11,  -26,  -35
3076872, 1710336309, "2024/3/13 13:25:9",  -2,  -57,  1004,  0,  -1,  0,  -10,  -27,  -36
3077072, 1710336309, "2024/3/13 13:25:9",  4,  -54,  1005,  0,  0,  -1,  -10,  -28,  -35
3077272, 1710336310, "2024/3/13 13:25:10",  6,  -65,  1007,  0,  0,  -1,  -10,  -27,  -33
3077472, 1710336310, "2024/3/13 13:25:10",  4,  -57,  1004,  0,  0,  -1,  -10,  -27,  -34
3077672, 1710336310, "2024/3/13 13:25:10",  5,  -60,  1001,  0,  0,  -1,  -9,  -27,  -36
3077872, 1710336310, "2024/3/13 13:25:10",  4,  -56,  1005,  0,  -1,  0,  -10,  -27,  -35
3078072, 1710336310, "2024/3/13 13:25:10",  -3,  -74,  1002,  0,  -1,  0,  -12,  -27,  -35
3078272, 1710336311, "2024/3/13 13:25:11",  8,  -63,  1006,  0,  0,  0,  -10,  -27,  -35
3078472, 1710336311, "2024/3/13 13:25:11",  8,  -55,  1000,  0,  0,  0,  -9,  -26,  -34
3078672, 1710336311, "2024/3/13 13:25:11",  8,  -60,  1001,  0,  0,  0,  -10,  -27,  -34
3078872, 1710336311, "2024/3/13 13:25:11",  12,  -62,  1006,  0,  0,  0,  -9,  -25,  -35
3079072, 1710336311, "2024/3/13 13:25:11",  11,  -56,  1002,  0,  0,  -1,  -11,  -26,  -36
3079272, 1710336312, "2024/3/13 13:25:12",  12,  -61,  1002,  0,  0,  -1,  -10,  -27,  -36
3079472, 1710336312, "2024/3/13 13:25:12",  7,  -59,  1005,  0,  0,  -1,  -10,  -26,  -36
3079672, 1710336312, "2024/3/13 13:25:12",  5,  -62,  1003,  0,  0,  -1,  -9,  -25,  -35
3079872, 1710336312, "2024/3/13 13:25:12",  3,  -57,  1000,  0,  0,  0,  -10,  -27,  -34
3080072, 1710336312, "2024/3/13 13:25:12",  4,  -63,  996,  0,  0,  -1,  -10,  -27,  -34
3080272, 1710336313, "2024/3/13 13:25:13",  2,  -63,  996,  0,  -1,  -1,  -11,  -26,  -36
3080472, 1710336313, "2024/3/13 13:25:13",  8,  -58,  1003,  0,  0,  -1,  -10,  -27,  -36
3080672, 1710336313, "2024/3/13 13:25:13",  10,  -65,  1002,  0,  0,  -1,  -9,  -27,  -35
3080872, 1710336313, "2024/3/13 13:25:13",  7,  -65,  1003,  0,  0,  -1,  -9,  -27,  -36
3081072, 1710336313, "2024/3/13 13:25:13",  4,  -55,  1004,  0,  0,  -1,  -10,  -27,  -35
3081272, 1710336314, "2024/3/13 13:25:14",  9,  -60,  1001,  0,  0,  0,  -11,  -26,  -34
3081472, 1710336314, "2024/3/13 13:25:14",  8,  -63,  1001,  0,  -1,  -1,  -9,  -27,  -36
3081672, 1710336314, "2024/3/13 13:25:14",  9,  -61,  1004,  0,  -1,  -1,  -8,  -27,  -36
3081872, 1710336314, "2024/3/13 13:25:14",  8,  -55,  1000,  0,  -1,  0,  -11,  -28,  -36
3082072, 1710336314, "2024/3/13 13:25:14",  7,  -58,  1004,  0,  -1,  -1,  -9,  -26,  -35
3082272, 1710336315, "2024/3/13 13:25:15",  8,  -56,  1004,  0,  -1,  -1,  -10,  -26,  -35
3082472, 1710336315, "2024/3/13 13:25:15",  9,  -54,  1003,  0,  0,  -1,  -11,  -27,  -36
3082672, 1710336315, "2024/3/13 13:25:15",  5,  -59,  1002,  0,  -1,  0,  -9,  -26,  -35
3082872, 1710336315, "2024/3/13 13:25:15",  6,  -53,  1006,  0,  0,  -1,  -10,  -27,  -36
3083072, 1710336315, "2024/3/13 13:25:15",  10,  -61,  1000,  0,  0,  -1,  -11,  -26,  -36
3083272, 1710336316, "2024/3/13 13:25:16",  5,  -59,  1001,  0,  0,  0,  -10,  -27,  -35
3083472, 1710336316, "2024/3/13 13:25:16",  5,  -59,  1005,  0,  0,  -1,  -9,  -26,  -34
3083672, 1710336316, "2024/3/13 13:25:16",  6,  -59,  1005,  0,  0,  0,  -10,  -26,  -35
3083872, 1710336316, "2024/3/13 13:25:16",  8,  -57,  1002,  0,  0,  0,  -10,  -27,  -35
3084072, 1710336316, "2024/3/13 13:25:16",  6,  -64,  1003,  0,  0,  0,  -11,  -27,  -36
3084272, 1710336317, "2024/3/13 13:25:17",  10,  -61,  1004,  0,  0,  0,  -11,  -26,  -36
3084472, 1710336317, "2024/3/13 13:25:17",  11,  -58,  1005,  0,  0,  0,  -10,  -26,  -37
3084672, 1710336317, "2024/3/13 13:25:17",  4,  -54,  1003,  0,  -1,  -1,  -10,  -26,  -36
3084872, 1710336317, "2024/3/13 13:25:17",  9,  -54,  1004,  0,  -1,  -1,  -9,  -27,  -36
3085072, 1710336317, "2024/3/13 13:25:17",  6,  -61,  1002,  0,  0,  -1,  -9,  -26,  -35
3085272, 1710336318, "2024/3/13 13:25:18",  5,  -58,  1000,  0,  0,  -1,  -11,  -26,  -35
3085472, 1710336318, "2024/3/13 13:25:18",  6,  -58,  1005,  0,  0,  0,  -10,  -27,  -35
3085672, 1710336318, "2024/3/13 13:25:18",  3,  -58,  1005,  0,  0,  0,  -11,  -25,  -36
3085872, 1710336318, "2024/3/13 13:25:18",  7,  -63,  1004,  0,  0,  -1,  -9,  -28,  -36
3086072, 1710336318, "2024/3/13 13:25:18",  6,  -57,  1002,  0,  0,  -1,  -10,  -26,  -35
3086272, 1710336319, "2024/3/13 13:25:19",  3,  -55,  1002,  0,  0,  -1,  -11,  -25,  -36
3086472, 1710336319, "2024/3/13 13:25:19",  2,  -58,  1002,  0,  0,  0,  -10,  -27,  -34
3086672, 1710336319, "2024/3/13 13:25:19",  8,  -57,  1003,  0,  0,  0,  -10,  -28,  -35
3086872, 1710336319, "2024/3/13 13:25:19",  7,  -64,  1004,  0,  0,  0,  -10,  -26,  -36
3087072, 1710336319, "2024/3/13 13:25:19",  3,  -54,  1002,  0,  0,  0,  -12,  -26,  -36
3087272, 1710336320, "2024/3/13 13:25:20",  10,  -56,  1000,  0,  -1,  -1,  -9,  -27,  -36
3087472, 1710336320, "2024/3/13 13:25:20",  4,  -63,  1001,  0,  0,  -1,  -10,  -27,  -36
3087672, 1710336320, "2024/3/13 13:25:20",  8,  -58,  1003,  0,  0,  0,  -12,  -26,  -36
3087872, 1710336320, "2024/3/13 13:25:20",  6,  -61,  1003,  0,  -1,  -1,  -10,  -27,  -36
3088072, 1710336320, "2024/3/13 13:25:20",  10,  -60,  1005,  0,  0,  -1,  -11,  -26,  -35
3088272, 1710336321, "2024/3/13 13:25:21",  10,  -59,  1004,  0,  0,  -1,  -10,  -26,  -36
3088472, 1710336321, "2024/3/13 13:25:21",  0,  -66,  1003,  0,  0,  0,  -11,  -27,  -36
3088672, 1710336321, "2024/3/13 13:25:21",  0,  -56,  1004,  0,  0,  -1,  -11,  -27,  -36
3088872, 1710336321, "2024/3/13 13:25:21",  4,  -60,  1004,  0,  0,  -1,  -9,  -26,  -35
3089072, 1710336321, "2024/3/13 13:25:21",  11,  -51,  1005,  0,  0,  -1,  -11,  -25,  -35
3089272, 1710336322, "2024/3/13 13:25:22",  12,  -49,  998,  0,  0,  -1,  -10,  -25,  -35
3089472, 1710336322, "2024/3/13 13:25:22",  7,  -51,  1005,  0,  0,  0,  -11,  -26,  -35
3089672, 1710336322, "2024/3/13 13:25:22",  10,  -62,  1005,  0,  -1,  -1,  -11,  -26,  -36
3089872, 1710336322, "2024/3/13 13:25:22",  11,  -61,  1003,  0,  0,  0,  -10,  -28,  -34
3090072, 1710336322, "2024/3/13 13:25:22",  5,  -55,  1003,  0,  0,  -1,  -9,  -27,  -34
3090272, 1710336323, "2024/3/13 13:25:23",  8,  -54,  1007,  0,  0,  -1,  -11,  -28,  -36
3090472, 1710336323, "2024/3/13 13:25:23",  10,  -62,  1006,  0,  0,  -1,  -10,  -26,  -35
3090672, 1710336323, "2024/3/13 13:25:23",  9,  -58,  1005,  0,  0,  0,  -11,  -26,  -36
3090872, 1710336323, "2024/3/13 13:25:23",  6,  -62,  1003,  0,  0,  0,  -11,  -27,  -35
3091072, 1710336323, "2024/3/13 13:25:23",  5,  -57,  1002,  0,  0,  0,  -11,  -27,  -34
3091272, 1710336324, "2024/3/13 13:25:24",  1,  -57,  1003,  0,  0,  0,  -10,  -27,  -35
3091472, 1710336324, "2024/3/13 13:25:24",  3,  -60,  1006,  0,  -1,  -1,  -9,  -27,  -34
3091672, 1710336324, "2024/3/13 13:25:24",  7,  -61,  1004,  0,  0,  0,  -12,  -27,  -35
3091872, 1710336324, "2024/3/13 13:25:24",  -6,  -50,  1006,  0,  0,  -1,  -10,  -28,  -35
3092072, 1710336324, "2024/3/13 13:25:24",  -9,  -50,  1000,  0,  0,  0,  -10,  -28,  -35
3092272, 1710336325, "2024/3/13 13:25:25",  2,  -61,  1002,  0,  0,  0,  -12,  -27,  -34
3092472, 1710336325, "2024/3/13 13:25:25",  1,  -66,  1008,  0,  0,  -1,  -10,  -27,  -36
3092672, 1710336325, "2024/3/13 13:25:25",  2,  -70,  1005,  0,  -1,  0,  -9,  -25,  -35
3092872, 1710336325, "2024/3/13 13:25:25",  5,  -57,  1003,  0,  0,  -1,  -10,  -27,  -35
3093072, 1710336325, "2024/3/13 13:25:25",  9,  -59,  1004,  0,  0,  -1,  -10,  -28,  -36
3093272, 1710336326, "2024/3/13 13:25:26",  12,  -53,  1002,  0,  0,  0,  -10,  -25,  -36
3093472, 1710336326, "2024/3/13 13:25:26",  15,  -58,  1004,  0,  0,  -1,  -11,  -24,  -35
3093672, 1710336326, "2024/3/13 13:25:26",  14,  -54,  1002,  0,  -1,  -1,  -10,  -27,  -34
3093872, 1710336326, "2024/3/13 13:25:26",  10,  -57,  1002,  0,  0,  -1,  -11,  -27,  -35
3094072, 1710336326, "2024/3/13 13:25:26",  6,  -57,  1001,  0,  -1,  -1,  -10,  -27,  -36
3094272, 1710336327, "2024/3/13 13:25:27",  5,  -62,  1003,  0,  0,  0,  -10,  -27,  -34
3094472, 1710336327, "2024/3/13 13:25:27",  10,  -65,  1006,  0,  0,  -1,  -9,  -27,  -35
3094672, 1710336327, "2024/3/13 13:25:27",  9,  -63,  1005,  0,  0,  0,  -9,  -28,  -34
3094872, 1710336327, "2024/3/13 13:25:27",  0,  -53,  1004,  0,  0,  -1,  -10,  -27,  -34
3095072, 1710336327, "2024/3/13 13:25:27",  29,  -73,  1013,  0,  -1,  -1,  -10,  -26,  -35
3095272, 1710336328, "2024/3/13 13:25:28",  11,  -57,  1003,  0,  0,  -1,  -10,  -27,  -35
3095472, 1710336328, "2024/3/13 13:25:28",  4,  -55,  1005,  0,  0,  0,  -10,  -26,  -34
3095672, 1710336328, "2024/3/13 13:25:28",  6,  -61,  1005,  0,  0,  -1,  -9,  -27,  -36
3095872, 1710336328, "2024/3/13 13:25:28",  7,  -59,  1012,  0,  0,  0,  -11,  -26,  -36
3096072, 1710336328, "2024/3/13 13:25:28",  5,  -56,  1003,  0,  0,  -1,  -9,  -25,  -34
3096272, 1710336329, "2024/3/13 13:25:29",  1,  -54,  1002,  0,  0,  -1,  -11,  -26,  -35
3096472, 1710336329, "2024/3/13 13:25:29",  8,  -66,  1003,  0,  0,  0,  -8,  -26,  -34
3096672, 1710336329, "2024/3/13 13:25:29",  2,  -55,  999,  0,  0,  -1,  -10,  -27,  -34
3096872, 1710336329, "2024/3/13 13:25:29",  6,  -62,  1002,  0,  0,  -1,  -9,  -27,  -34
3097072, 1710336329, "2024/3/13 13:25:29",  5,  -62,  1001,  0,  0,  -1,  -10,  -27,  -35
3097272, 1710336330, "2024/3/13 13:25:30",  6,  -61,  1000,  0,  0,  0,  -11,  -28,  -36
3097472, 1710336330, "2024/3/13 13:25:30",  8,  -55,  1006,  0,  0,  0,  -10,  -26,  -36
3097672, 1710336330, "2024/3/13 13:25:30",  6,  -60,  999,  0,  0,  -1,  -10,  -25,  -36
3097872, 1710336330, "2024/3/13 13:25:30",  6,  -61,  1001,  0,  0,  0,  -10,  -28,  -35
3098072, 1710336330, "2024/3/13 13:25:30",  7,  -62,  1006,  0,  0,  -1,  -9,  -27,  -35
3098272, 1710336331, "2024/3/13 13:25:31",  8,  -64,  1005,  0,  0,  -1,  -10,  -25,  -35
3098472, 1710336331, "2024/3/13 13:25:31",  5,  -55,  1001,  0,  0,  -1,  -10,  -26,  -34
3098672, 1710336331, "2024/3/13 13:25:31",  6,  -59,  1004,  0,  -1,  0,  -10,  -28,  -36
3098872, 1710336331, "2024/3/13 13:25:31",  5,  -65,  999,  0,  0,  -1,  -9,  -27,  -35
3099072, 1710336331, "2024/3/13 13:25:31",  10,  -60,  998,  0,  0,  -1,  -9,  -27,  -35
3099272, 1710336332, "2024/3/13 13:25:32",  9,  -54,  1000,  0,  0,  -1,  -9,  -25,  -35
3099472, 1710336332, "2024/3/13 13:25:32",  6,  -55,  1005,  0,  -1,  0,  -11,  -27,  -37
3099672, 1710336332, "2024/3/13 13:25:32",  6,  -56,  1002,  0,  0,  0,  -9,  -27,  -36
3099872, 1710336332, "2024/3/13 13:25:32",  4,  -56,  1004,  0,  0,  -1,  -11,  -28,  -36
3100072, 1710336332, "2024/3/13 13:25:32",  3,  -56,  1005,  0,  0,  -1,  -11,  -25,  -36
3100272, 1710336333, "2024/3/13 13:25:33",  7,  -59,  1002,  0,  0,  -1,  -11,  -26,  -37
3100472, 1710336333, "2024/3/13 13:25:33",  9,  -61,  1002,  0,  0,  -1,  -10,  -26,  -36
3100672, 1710336333, "2024/3/13 13:25:33",  7,  -65,  1001,  0,  0,  -1,  -12,  -28,  -36
3100872, 1710336333, "2024/3/13 13:25:33",  6,  -57,  1000,  0,  0,  -1,  -11,  -25,  -37
3101072, 1710336333, "2024/3/13 13:25:33",  -3,  -68,  989,  -1,  -1,  0,  -11,  -27,  -36
3101272, 1710336334, "2024/3/13 13:25:34",  1,  -56,  1008,  0,  0,  0,  -10,  -28,  -36
3101472, 1710336334, "2024/3/13 13:25:34",  0,  -58,  1012,  0,  0,  -1,  -9,  -26,  -36
3101672, 1710336334, "2024/3/13 13:25:34",  4,  -56,  1000,  0,  0,  0,  -10,  -27,  -35
3101872, 1710336334, "2024/3/13 13:25:34",  4,  -55,  1002,  0,  -1,  -1,  -11,  -27,  -36
3102072, 1710336334, "2024/3/13 13:25:34",  8,  -54,  1003,  0,  0,  -1,  -11,  -27,  -37
3102272, 1710336335, "2024/3/13 13:25:35",  4,  -60,  1003,  0,  0,  -1,  -10,  -27,  -36
3102472, 1710336335, "2024/3/13 13:25:35",  0,  -57,  1006,  0,  0,  0,  -8,  -26,  -36
3102672, 1710336335, "2024/3/13 13:25:35",  0,  -60,  1005,  0,  0,  0,  -11,  -27,  -36
3102872, 1710336335, "2024/3/13 13:25:35",  2,  -57,  1005,  0,  0,  -1,  -11,  -25,  -37
3103072, 1710336335, "2024/3/13 13:25:35",  4,  -56,  1000,  0,  -1,  -1,  -11,  -27,  -36
3103272, 1710336336, "2024/3/13 13:25:36",  9,  -57,  1001,  0,  0,  -1,  -11,  -26,  -37
3103472, 1710336336, "2024/3/13 13:25:36",  6,  -56,  1004,  0,  0,  -1,  -11,  -27,  -36
3103672, 1710336336, "2024/3/13 13:25:36",  4,  -55,  1003,  0,  0,  -1,  -11,  -27,  -36
3103872, 1710336336, "2024/3/13 13:25:36",  3,  -58,  1003,  0,  0,  0,  -11,  -25,  -38
3104072, 1710336336, "2024/3/13 13:25:36",  4,  -48,  1002,  0,  -1,  -1,  -11,  -25,  -36
3104272, 1710336337, "2024/3/13 13:25:37",  -5,  -58,  993,  0,  -1,  0,  -10,  -27,  -36
3104472, 1710336337, "2024/3/13 13:25:37",  6,  -64,  1008,  0,  0,  -1,  -11,  -27,  -36
3104672, 1710336337, "2024/3/13 13:25:37",  11,  -51,  1010,  0,  0,  0,  -12,  -27,  -34
3104872, 1710336337, "2024/3/13 13:25:37",  3,  -57,  1003,  0,  0,  -1,  -11,  -27,  -34
3105072, 1710336337, "2024/3/13 13:25:37",  6,  -58,  1004,  0,  0,  -1,  -10,  -27,  -36
3105272, 1710336338, "2024/3/13 13:25:38",  9,  -56,  1002,  0,  0,  -1,  -12,  -26,  -37
3105472, 1710336338, "2024/3/13 13:25:38",  11,  -63,  1003,  0,  0,  0,  -10,  -26,  -34
3105672, 1710336338, "2024/3/13 13:25:38",  7,  -60,  1001,  0,  0,  -1,  -11,  -26,  -37
3105872, 1710336338, "2024/3/13 13:25:38",  7,  -60,  1007,  0,  0,  0,  -10,  -27,  -37
3106072, 1710336338, "2024/3/13 13:25:38",  1,  -53,  1011,  0,  0,  -1,  -10,  -25,  -35
3106272, 1710336339, "2024/3/13 13:25:39",  11,  -58,  1017,  0,  0,  -1,  -11,  -25,  -34
3106472, 1710336339, "2024/3/13 13:25:39",  10,  -68,  1005,  0,  0,  0,  -10,  -26,  -36
3106672, 1710336339, "2024/3/13 13:25:39",  8,  -59,  1000,  0,  0,  0,  -12,  -25,  -36
3106872, 1710336339, "2024/3/13 13:25:39",  4,  -54,  1005,  0,  0,  0,  -11,  -26,  -38
3107072, 1710336339, "2024/3/13 13:25:39",  7,  -54,  1008,  0,  0,  -1,  -10,  -26,  -36
3107272, 1710336340, "2024/3/13 13:25:40",  8,  -65,  1003,  0,  0,  0,  -12,  -25,  -36
3107472, 1710336340, "2024/3/13 13:25:40",  2,  -58,  1005,  0,  0,  -1,  -10,  -28,  -36
3107672, 1710336340, "2024/3/13 13:25:40",  0,  -57,  1003,  0,  0,  0,  -12,  -28,  -35
3107872, 1710336340, "2024/3/13 13:25:40",  6,  -64,  1003,  0,  0,  0,  -10,  -25,  -36
3108072, 1710336340, "2024/3/13 13:25:40",  0,  -66,  993,  0,  -1,  -1,  -10,  -25,  -36
3108272, 1710336341, "2024/3/13 13:25:41",  7,  -52,  1001,  0,  0,  0,  -10,  -26,  -36
3108472, 1710336341, "2024/3/13 13:25:41",  5,  -52,  1004,  0,  0,  0,  -11,  -28,  -34
3108672, 1710336341, "2024/3/13 13:25:41",  6,  -58,  1001,  0,  0,  -1,  -10,  -27,  -37
3108872, 1710336341, "2024/3/13 13:25:41",  5,  -59,  1001,  0,  -1,  -1,  -10,  -26,  -35
3109072, 1710336341, "2024/3/13 13:25:41",  3,  -42,  1010,  1,  -1,  -1,  -11,  -26,  -36
3109272, 1710336342, "2024/3/13 13:25:42",  0,  -60,  1003,  0,  0,  0,  -11,  -27,  -35
3109472, 1710336342, "2024/3/13 13:25:42",  8,  -60,  1004,  0,  0,  0,  -11,  -26,  -36
3109672, 1710336342, "2024/3/13 13:25:42",  6,  -62,  1001,  0,  -1,  0,  -10,  -28,  -36
3109872, 1710336342, "2024/3/13 13:25:42",  2,  -52,  1002,  0,  0,  -1,  -12,  -27,  -37
3110072, 1710336342, "2024/3/13 13:25:42",  4,  -59,  1005,  0,  0,  -1,  -11,  -26,  -37
3110272, 1710336343, "2024/3/13 13:25:43",  8,  -71,  964,  0,  0,  -1,  -11,  -28,  -35
3110472, 1710336343, "2024/3/13 13:25:43",  0,  -57,  998,  0,  0,  -1,  -11,  -26,  -37
3110672, 1710336343, "2024/3/13 13:25:43",  7,  -60,  1005,  0,  0,  -1,  -9,  -27,  -36
3110872, 1710336343, "2024/3/13 13:25:43",  9,  -62,  1003,  0,  0,  0,  -11,  -26,  -35
3111072, 1710336343, "2024/3/13 13:25:43",  3,  -60,  1002,  0,  0,  -1,  -11,  -26,  -36
3111272, 1710336344, "2024/3/13 13:25:44",  3,  -57,  998,  0,  0,  -1,  -10,  -26,  -36
3111472, 1710336344, "2024/3/13 13:25:44",  4,  -60,  1002,  0,  0,  -1,  -11,  -28,  -37
3111672, 1710336344, "2024/3/13 13:25:44",  9,  -61,  1002,  0,  0,  -1,  -11,  -26,  -37
3111872, 1710336344, "2024/3/13 13:25:44",  2,  -62,  1004,  0,  -1,  -1,  -11,  -26,  -37
3112072, 1710336344, "2024/3/13 13:25:44",  12,  -61,  1000,  0,  0,  -1,  -11,  -25,  -37
3112272, 1710336345, "2024/3/13 13:25:45",  7,  -57,  1004,  0,  0,  -1,  -10,  -26,  -37
3112472, 1710336345, "2024/3/13 13:25:45",  6,  -60,  1003,  0,  0,  -1,  -11,  -27,  -35
3112672, 1710336345, "2024/3/13 13:25:45",  8,  -63,  1004,  0,  0,  -1,  -9,  -26,  -35
3112872, 1710336345, "2024/3/13 13:25:45",  8,  -60,  1004,  0,  0,  -1,  -11,  -26,  -37
3113072, 1710336345, "2024/3/13 13:25:45",  3,  -62,  1003,  0,  0,  0,  -11,  -26,  -36
3113272, 1710336346, "2024/3/13 13:25:46",  9,  -57,  1004,  0,  0,  -1,  -10,  -28,  -36
3113472, 1710336346, "2024/3/13 13:25:46",  5,  -59,  1003,  0,  0,  0,  -10,  -27,  -36
3113672, 1710336346, "2024/3/13 13:25:46",  3,  -57,  1003,  0,  0,  0,  -9,  -27,  -36
3113872, 1710336346, "2024/3/13 13:25:46",  4,  -53,  1004,  0,  0,  -1,  -12,  -26,  -35
3114072, 1710336346, "2024/3/13 13:25:46",  7,  -59,  1005,  0,  0,  -1,  -9,  -27,  -35
3114272, 1710336347, "2024/3/13 13:25:47",  7,  -64,  1004,  0,  0,  -1,  -11,  -28,  -36
3114472, 1710336347, "2024/3/13 13:25:47",  10,  -66,  1005,  0,  0,  0,  -11,  -26,  -37
3114672, 1710336347, "2024/3/13 13:25:47",  5,  -55,  1000,  0,  0,  0,  -11,  -26,  -37
3114872, 1710336347, "2024/3/13 13:25:47",  8,  -53,  1006,  0,  0,  -1,  -11,  -25,  -38
3115072, 1710336347, "2024/3/13 13:25:47",  7,  -63,  1004,  1,  0,  -1,  -11,  -27,  -37
3115272, 1710336348, "2024/3/13 13:25:48",  11,  -64,  1005,  0,  0,  -1,  -12,  -27,  -36
3115472, 1710336348, "2024/3/13 13:25:48",  9,  -54,  1003,  0,  -1,  0,  -10,  -26,  -36
3115672, 1710336348, "2024/3/13 13:25:48",  2,  -58,  1004,  0,  0,  -1,  -11,  -27,  -37
3115872, 1710336348, "2024/3/13 13:25:48",  5,  -56,  1001,  0,  0,  -1,  -10,  -26,  -36
3116072, 1710336348, "2024/3/13 13:25:48",  -1,  -63,  1001,  0,  0,  -1,  -11,  -25,  -36
3116272, 1710336349, "2024/3/13 13:25:49",  4,  -59,  1003,  0,  0,  0,  -10,  -27,  -36
3116472, 1710336349, "2024/3/13 13:25:49",  10,  -62,  1004,  0,  -1,  -1,  -9,  -27,  -37
3116672, 1710336349, "2024/3/13 13:25:49",  6,  -61,  1003,  0,  0,  -1,  -11,  -27,  -37
3116872, 1710336349, "2024/3/13 13:25:49",  3,  -54,  1004,  0,  0,  -1,  -9,  -27,  -36
3117072, 1710336349, "2024/3/13 13:25:49",  3,  -59,  1002,  0,  0,  0,  -10,  -26,  -36
3117272, 1710336350, "2024/3/13 13:25:50",  3,  -53,  1005,  0,  0,  -1,  -10,  -27,  -35
3117472, 1710336350, "2024/3/13 13:25:50",  3,  -60,  1002,  0,  0,  0,  -11,  -27,  -36
3117672, 1710336350, "2024/3/13 13:25:50",  4,  -56,  1003,  0,  -1,  0,  -9,  -25,  -35
3117872, 1710336350, "2024/3/13 13:25:50",  4,  -62,  1003,  0,  -1,  0,  -10,  -27,  -37
3118072, 1710336350, "2024/3/13 13:25:50",  10,  -58,  1004,  0,  0,  -1,  -11,  -25,  -36
3118272, 1710336351, "2024/3/13 13:25:51",  6,  -54,  1001,  0,  0,  0,  -11,  -26,  -35
3118472, 1710336351, "2024/3/13 13:25:51",  8,  -60,  1005,  0,  0,  -1,  -11,  -26,  -36
3118672, 1710336351, "2024/3/13 13:25:51",  6,  -54,  1004,  0,  0,  0,  -11,  -25,  -37
3118872, 1710336351, "2024/3/13 13:25:51",  7,  -55,  1006,  0,  0,  0,  -10,  -26,  -36
3119072, 1710336351, "2024/3/13 13:25:51",  3,  -57,  1000,  0,  0,  -1,  -10,  -26,  -36
3119272, 1710336352, "2024/3/13 13:25:52",  8,  -52,  1005,  0,  0,  -1,  -9,  -27,  -37
3119472, 1710336352, "2024/3/13 13:25:52",  5,  -56,  1003,  0,  0,  -1,  -12,  -27,  -37
3119672, 1710336352, "2024/3/13 13:25:52",  3,  -58,  1001,  0,  0,  -1,  -10,  -25,  -36
3119872, 1710336352, "2024/3/13 13:25:52",  1,  -55,  1002,  0,  0,  -1,  -10,  -28,  -36
3120072, 1710336352, "2024/3/13 13:25:52",  9,  -60,  1003,  0,  0,  0,  -11,  -28,  -36
3120272, 1710336353, "2024/3/13 13:25:53",  6,  -54,  1002,  0,  0,  0,  -10,  -26,  -36
3120472, 1710336353, "2024/3/13 13:25:53",  4,  -58,  1004,  0,  0,  -1,  -10,  -25,  -36
3120672, 1710336353, "2024/3/13 13:25:53",  4,  -55,  1005,  0,  0,  -1,  -11,  -25,  -34
3120872, 1710336353, "2024/3/13 13:25:53",  0,  -37,  979,  0,  -1,  -1,  -10,  -25,  -36
3121072, 1710336353, "2024/3/13 13:25:53",  2,  -67,  1009,  0,  -1,  -1,  -11,  -27,  -36
3121272, 1710336354, "2024/3/13 13:25:54",  7,  -64,  1007,  0,  0,  -1,  -10,  -26,  -37
3121472, 1710336354, "2024/3/13 13:25:54",  6,  -69,  993,  0,  -1,  0,  -12,  -26,  -37
3121672, 1710336354, "2024/3/13 13:25:54",  4,  -55,  1005,  0,  0,  0,  -12,  -25,  -36
3121872, 1710336354, "2024/3/13 13:25:54",  6,  -61,  996,  0,  -1,  0,  -11,  -26,  -37
3122072, 1710336354, "2024/3/13 13:25:54",  6,  -53,  1000,  0,  -1,  -1,  -9,  -26,  -36
3122272, 1710336355, "2024/3/13 13:25:55",  2,  -57,  1002,  0,  0,  -1,  -11,  -25,  -36
3122472, 1710336355, "2024/3/13 13:25:55",  5,  -61,  1003,  0,  0,  -1,  -9,  -24,  -36
3122672, 1710336355, "2024/3/13 13:25:55",  7,  -64,  1003,  0,  0,  0,  -10,  -27,  -36
3122872, 1710336355, "2024/3/13 13:25:55",  4,  -58,  1004,  0,  0,  -1,  -9,  -26,  -36
3123072, 1710336355, "2024/3/13 13:25:55",  6,  -60,  1004,  0,  0,  -1,  -11,  -27,  -38
3123272, 1710336356, "2024/3/13 13:25:56",  7,  -61,  1006,  0,  0,  0,  -10,  -26,  -35
3123472, 1710336356, "2024/3/13 13:25:56",  10,  -66,  1001,  0,  0,  -1,  -10,  -28,  -35
3123672, 1710336356, "2024/3/13 13:25:56",  12,  -60,  1010,  0,  0,  0,  -11,  -26,  -37
3123872, 1710336356, "2024/3/13 13:25:56",  10,  -63,  1004,  0,  0,  -1,  -11,  -26,  -37
3124072, 1710336356, "2024/3/13 13:25:56",  5,  -58,  1004,  0,  0,  -1,  -11,  -27,  -36
3124272, 1710336357, "2024/3/13 13:25:57",  5,  -64,  1006,  0,  0,  0,  -10,  -25,  -37
3124472, 1710336357, "2024/3/13 13:25:57",  9,  -53,  1006,  0,  0,  -1,  -9,  -26,  -35
3124672, 1710336357, "2024/3/13 13:25:57",  5,  -53,  1005,  0,  0,  0,  -10,  -28,  -37
3124872, 1710336357, "2024/3/13 13:25:57",  -2,  -63,  993,  0,  -1,  -1,  -10,  -26,  -37
3125072, 1710336357, "2024/3/13 13:25:57",  10,  -70,  999,  0,  0,  -1,  -10,  -26,  -35
3125272, 1710336358, "2024/3/13 13:25:58",  7,  -57,  1005,  0,  0,  -1,  -9,  -28,  -36
3125472, 1710336358, "2024/3/13 13:25:58",  5,  -52,  1011,  0,  0,  -1,  -11,  -27,  -36
3125672, 1710336358, "2024/3/13 13:25:58",  7,  -59,  1001,  0,  0,  -1,  -10,  -27,  -37
3125872, 1710336358, "2024/3/13 13:25:58",  3,  -55,  1004,  0,  0,  -1,  -10,  -26,  -37
3126072, 1710336358, "2024/3/13 13:25:58",  16,  -56,  986,  1,  -1,  -1,  -10,  -26,  -36
3126272, 1710336359, "2024/3/13 13:25:59",  18,  -60,  1005,  0,  0,  0,  -11,  -28,  -37
3126472, 1710336359, "2024/3/13 13:25:59",  6,  -60,  1004,  0,  0,  0,  -11,  -26,  -36
3126672, 1710336359, "2024/3/13 13:25:59",  8,  -56,  1002,  0,  0,  -1,  -11,  -25,  -36
3126872, 1710336359, "2024/3/13 13:25:59",  7,  -56,  1000,  0,  -1,  0,  -11,  -26,  -37
3127072, 1710336359, "2024/3/13 13:25:59",  6,  -53,  1003,  0,  0,  -1,  -10,  -27,  -36
3127272, 1710336360, "2024/3/13 13:26:0",  6,  -59,  1001,  0,  0,  0,  -9,  -26,  -36
3127472, 1710336360, "2024/3/13 13:26:0",  7,  -61,  1001,  0,  0,  -1,  -11,  -27,  -36
3127672, 1710336360, "2024/3/13 13:26:0",  3,  -65,  1001,  0,  0,  0,  -10,  -25,  -37
3127872, 1710336360, "2024/3/13 13:26:0",  5,  -54,  1002,  0,  0,  0,  -11,  -26,  -36
3128072, 1710336360, "2024/3/13 13:26:0",  1,  -55,  1006,  0,  0,  -1,  -11,  -26,  -35
3128272, 1710336361, "2024/3/13 13:26:1",  16,  -63,  1023,  0,  0,  -1,  -11,  -27,  -37
3128472, 1710336361, "2024/3/13 13:26:1",  4,  -61,  1003,  0,  -1,  -1,  -12,  -27,  -36
3128672, 1710336361, "2024/3/13 13:26:1",  6,  -55,  1003,  0,  0,  0,  -9,  -28,  -35
3128872, 1710336361, "2024/3/13 13:26:1",  3,  -59,  1000,  0,  0,  -1,  -11,  -25,  -36
3129072, 1710336361, "2024/3/13 13:26:1",  8,  -64,  1005,  0,  0,  -1,  -11,  -26,  -36
3129272, 1710336362, "2024/3/13 13:26:2",  9,  -57,  1008,  0,  0,  -1,  -11,  -27,  -35
3129472, 1710336362, "2024/3/13 13:26:2",  6,  -61,  1001,  0,  0,  -1,  -11,  -28,  -36
3129672, 1710336362, "2024/3/13 13:26:2",  8,  -55,  999,  0,  0,  -1,  -11,  -27,  -36
3129872, 1710336362, "2024/3/13 13:26:2",  2,  -62,  1004,  0,  0,  0,  -11,  -26,  -36
3130072, 1710336362, "2024/3/13 13:26:2",  7,  -58,  1004,  0,  0,  -1,  -11,  -27,  -36
3130272, 1710336363, "2024/3/13 13:26:3",  3,  -59,  1004,  0,  0,  -1,  -9,  -27,  -36
3130472, 1710336363, "2024/3/13 13:26:3",  8,  -59,  1001,  0,  0,  -1,  -11,  -27,  -35
3130672, 1710336363, "2024/3/13 13:26:3",  11,  -64,  1001,  0,  0,  0,  -11,  -27,  -37
3130872, 1710336363, "2024/3/13 13:26:3",  8,  -61,  1008,  0,  0,  0,  -10,  -27,  -37
3131072, 1710336363, "2024/3/13 13:26:3",  10,  -59,  1004,  0,  0,  0,  -10,  -27,  -37
3131272, 1710336364, "2024/3/13 13:26:4",  7,  -62,  1004,  0,  0,  -1,  -11,  -28,  -35
3131472, 1710336364, "2024/3/13 13:26:4",  10,  -63,  1006,  0,  0,  -1,  -9,  -27,  -37
3131672, 1710336364, "2024/3/13 13:26:4",  3,  -58,  1004,  0,  0,  0,  -11,  -26,  -37
3131872, 1710336364, "2024/3/13 13:26:4",  2,  -58,  1003,  0,  0,  0,  -10,  -27,  -36
3132072, 1710336364, "2024/3/13 13:26:4",  2,  -52,  1003,  0,  0,  0,  -10,  -28,  -36
3132272, 1710336365, "2024/3/13 13:26:5",  4,  -57,  1002,  0,  0,  0,  -12,  -27,  -36
3132472, 1710336365, "2024/3/13 13:26:5",  7,  -53,  1001,  0,  0,  -1,  -10,  -27,  -36
3132672, 1710336365, "2024/3/13 13:26:5",  10,  -61,  1003,  0,  0,  -1,  -11,  -25,  -34
3132872, 1710336365, "2024/3/13 13:26:5",  6,  -49,  1003,  0,  0,  -1,  -10,  -27,  -37
3133072, 1710336365, "2024/3/13 13:26:5",  12,  -58,  1007,  0,  0,  0,  -10,  -26,  -36
3133272, 1710336366, "2024/3/13 13:26:6",  8,  -60,  998,  0,  0,  -1,  -10,  -27,  -36
3133472, 1710336366, "2024/3/13 13:26:6",  2,  -64,  1002,  0,  0,  -1,  -11,  -27,  -36
3133672, 1710336366, "2024/3/13 13:26:6",  8,  -60,  1000,  0,  0,  0,  -11,  -28,  -36
3133872, 1710336366, "2024/3/13 13:26:6",  6,  -54,  1002,  0,  0,  -1,  -10,  -27,  -37
3134072, 1710336366, "2024/3/13 13:26:6",  7,  -61,  1004,  0,  0,  -1,  -10,  -28,  -36
3134272, 1710336367, "2024/3/13 13:26:7",  4,  -63,  1002,  0,  -1,  0,  -10,  -28,  -36
3134472, 1710336367, "2024/3/13 13:26:7",  10,  -50,  1001,  0,  0,  -1,  -10,  -26,  -36
3134672, 1710336367, "2024/3/13 13:26:7",  10,  -52,  998,  0,  0,  0,  -10,  -28,  -36
3134872, 1710336367, "2024/3/13 13:26:7",  -13,  -75,  983,  1,  -1,  0,  -9,  -27,  -36
3135072, 1710336367, "2024/3/13 13:26:7",  -2,  -65,  1002,  0,  0,  0,  -11,  -27,  -36
3135272, 1710336368, "2024/3/13 13:26:8",  4,  -69,  1001,  0,  0,  -1,  -9,  -26,  -36
3135472, 1710336368, "2024/3/13 13:26:8",  6,  -63,  1007,  0,  0,  0,  -12,  -28,  -36
3135672, 1710336368, "2024/3/13 13:26:8",  8,  -56,  1003,  0,  0,  -1,  -9,  -27,  -37
3135872, 1710336368, "2024/3/13 13:26:8",  8,  -57,  1003,  0,  0,  0,  -11,  -26,  -36
3136072, 1710336368, "2024/3/13 13:26:8",  8,  -53,  1008,  0,  0,  0,  -10,  -25,  -37
3136272, 1710336369, "2024/3/13 13:26:9",  10,  -56,  1007,  0,  0,  -1,  -10,  -26,  -36
3136472, 1710336369, "2024/3/13 13:26:9",  5,  -55,  1006,  0,  0,  -1,  -10,  -26,  -36
3136672, 1710336369, "2024/3/13 13:26:9",  8,  -57,  1004,  0,  -1,  0,  -11,  -25,  -36
3136872, 1710336369, "2024/3/13 13:26:9",  15,  -70,  1006,  0,  0,  -1,  -9,  -27,  -35
3137072, 1710336369, "2024/3/13 13:26:9",  18,  -76,  1004,  0,  0,  -1,  -9,  -27,  -36
3137272, 1710336370, "2024/3/13 13:26:10",  7,  -58,  1002,  0,  0,  -1,  -12,  -28,  -36
3137472, 1710336370, "2024/3/13 13:26:10",  -1,  -51,  999,  0,  0,  -1,  -11,  -25,  -36
3137672, 1710336370, "2024/3/13 13:26:10",  3,  -57,  1005,  1,  0,  -1,  -10,  -26,  -38
3137872, 1710336370, "2024/3/13 13:26:10",  3,  -64,  1002,  0,  0,  0,  -9,  -27,  -36
3138072, 1710336370, "2024/3/13 13:26:10",  7,  -57,  1011,  0,  0,  0,  -11,  -29,  -37
3138272, 1710336371, "2024/3/13 13:26:11",  4,  -58,  1003,  0,  0,  -1,  -10,  -27,  -35
3138472, 1710336371, "2024/3/13 13:26:11",  3,  -58,  999,  0,  0,  -1,  -10,  -27,  -36
3138672, 1710336371, "2024/3/13 13:26:11",  4,  -63,  1003,  0,  0,  0,  -10,  -27,  -38
3138872, 1710336371, "2024/3/13 13:26:11",  8,  -59,  1002,  0,  0,  0,  -11,  -26,  -36
3139072, 1710336371, "2024/3/13 13:26:11",  -24,  -62,  996,  1,  -1,  -1,  -10,  -28,  -36
3139272, 1710336372, "2024/3/13 13:26:12",  8,  -59,  1003,  0,  0,  -1,  -9,  -27,  -34
3139472, 1710336372, "2024/3/13 13:26:12",  9,  -60,  1008,  0,  0,  -1,  -11,  -25,  -37
3139672, 1710336372, "2024/3/13 13:26:12",  10,  -56,  1002,  0,  0,  -1,  -10,  -26,  -37
3139872, 1710336372, "2024/3/13 13:26:12",  8,  -55,  1005,  0,  0,  -1,  -11,  -25,  -36
3140072, 1710336372, "2024/3/13 13:26:12",  4,  -56,  1002,  0,  0,  0,  -8,  -27,  -38
3140272, 1710336373, "2024/3/13 13:26:13",  6,  -57,  1003,  0,  0,  -1,  -9,  -27,  -37
3140472, 1710336373, "2024/3/13 13:26:13",  6,  -61,  1002,  0,  0,  0,  -12,  -27,  -36
3140672, 1710336373, "2024/3/13 13:26:13",  1,  -57,  1005,  0,  0,  -1,  -10,  -26,  -36
3140872, 1710336373, "2024/3/13 13:26:13",  7,  -62,  1003,  0,  0,  0,  -10,  -27,  -37
3141072, 1710336373, "2024/3/13 13:26:13",  1,  -56,  1001,  0,  0,  -1,  -8,  -27,  -35
3141272, 1710336374, "2024/3/13 13:26:14",  13,  -56,  1004,  0,  0,  -1,  -11,  -27,  -36
